Jack,Abbott,Jack Abbott,"Abbott, Jack",Labour,Ipswich,jack.abbott.mp@parliament.uk,House of Commons,London,SW1A 0AA
Diane,Abbott,Ms Diane Abbott,"Abbott, Ms Diane",Labour,Hackney North and Stoke Newington,diane.abbott.office@parliament.uk,House of Commons,London,SW1A 0AA
Debbie,Abrahams,Debbie Abrahams,"Abrahams, Debbie",Labour,Oldham East and Saddleworth,abrahamsd@parliament.uk,House of Commons,London,SW1A 0AA
Shockat,Adam,Shockat Adam,"Adam, Shockat",Independent,Leicester South,shockat.adam.mp@parliament.uk,House of Commons,London,SW1A 0AA
Zubir,Ahmed,Dr Zubir Ahmed,"Ahmed, Dr Zubir",Labour,Glasgow South West,zubir.ahmed.mp@parliament.uk,House of Commons,London,SW1A 0AA
Luke,Akehurst,Luke Akehurst,"Akehurst, Luke",Labour,North Durham,luke.akehurst.mp@parliament.uk,House of Commons,London,SW1A 0AA
Bayo,Alaba,Bayo Alaba,"Alaba, Bayo",Labour,Southend East and Rochford,bayo.alaba.mp@parliament.uk,House of Commons,London,SW1A 0AA
Daniel,Aldridge,Daniel Aldridge,"Aldridge, Daniel",Labour,Weston-super-Mare,daniel.aldridge.mp@parliament.uk,House of Commons,London,SW1A 0AA
Heidi,Alexander,Heidi Alexander,"Alexander, Heidi",Labour,Swindon South,heidi.alexander.mp@parliament.uk,House of Commons,London,SW1A 0AA
Douglas,Alexander,Mr Douglas Alexander,"Alexander, Mr Douglas",Labour,Lothian East,douglas.alexander.mp@parliament.uk,House of Commons,London,SW1A 0AA
Sadik,Al-Hassan,Sadik Al-Hassan,"Al-Hassan, Sadik",Labour,North Somerset,sadik.alhassan.mp@parliament.uk,House of Commons,London,SW1A 0AA
Rushanara,Ali,Rushanara Ali,"Ali, Rushanara",Labour,Bethnal Green and Stepney,rushanara.ali.mp@parliament.uk,House of Commons,London,SW1A 0AA
Tahir,Ali,Tahir Ali,"Ali, Tahir",Labour,Birmingham Hall Green and Moseley,tahir.ali.mp@parliament.uk,House of Commons,London,SW1A 0AA
Rosena,Allin-Khan,Dr Rosena Allin-Khan,"Allin-Khan, Dr Rosena",Labour,Tooting,rosena.allinkhan.mp@parliament.uk,House of Commons,London,SW1A 0AA
Jim,Allister,Jim Allister,"Allister, Jim",Traditional Unionist Voice,North Antrim,jim.allister.mp@parliament.uk,House of Commons,London,SW1A 0AA
Mike,Amesbury,Mike Amesbury,"Amesbury, Mike",Labour,Runcorn and Helsby,mike.amesbury.mp@parliament.uk,House of Commons,London,SW1A 0AA
Gideon,Amos,Mr Gideon Amos,"Amos, Mr Gideon",Liberal Democrat,Taunton and Wellington,gideon.amos.mp@parliament.uk,House of Commons,London,SW1A 0AA
Callum,Anderson,Callum Anderson,"Anderson, Callum",Labour,Buckingham and Bletchley,callum.anderson.mp@parliament.uk,House of Commons,London,SW1A 0AA
Fleur,Anderson,Fleur Anderson,"Anderson, Fleur",Labour,Putney,fleur.anderson.mp@parliament.uk,House of Commons,London,SW1A 0AA
Lee,Anderson,Lee Anderson,"Anderson, Lee",Reform UK,Ashfield,lee.anderson.mp@parliament.uk,House of Commons,London,SW1A 0AA
Stuart,Anderson,Stuart Anderson,"Anderson, Stuart",Conservative,South Shropshire,stuart.anderson.mp@parliament.uk,House of Commons,London,SW1A 0AA
Stuart,Andrew,Stuart Andrew,"Andrew, Stuart",Conservative,Daventry,stuart.andrew.mp@parliament.uk,House of Commons,London,SW1A 0AA
Tonia,Antoniazzi,Tonia Antoniazzi,"Antoniazzi, Tonia",Labour,Gower,tonia.antoniazzi.mp@parliament.uk,House of Commons,London,SW1A 0AA
Steff,Aquarone,Steff Aquarone,"Aquarone, Steff",Liberal Democrat,North Norfolk,steff.aquarone.mp@parliament.uk,House of Commons,London,SW1A 0AA
Edward,Argar,Edward Argar,"Argar, Edward",Conservative,Melton and Syston,edward.argar.mp@parliament.uk,House of Commons,London,SW1A 0AA
Scott,Arthur,Dr Scott Arthur,"Arthur, Dr Scott",Labour,Edinburgh South West,scott.arthur.mp@parliament.uk,House of Commons,London,SW1A 0AA
Jessica,Asato,Jess Asato,"Asato, Jess",Labour,Lowestoft,jess.asato.mp@parliament.uk,House of Commons,London,SW1A 0AA
James,Asser,James Asser,"Asser, James",Labour,West Ham and Beckton,james.asser.mp@parliament.uk,House of Commons,London,SW1A 0AA
Jas,Athwal,Jas Athwal,"Athwal, Jas",Labour,Ilford South,jas.athwal.mp@parliament.uk,House of Commons,London,SW1A 0AA
Victoria,Atkins,Victoria Atkins,"Atkins, Victoria",Conservative,Louth and Horncastle,,House of Commons,London,SW1A 0AA
Catherine,Atkinson,Catherine Atkinson,"Atkinson, Catherine",Labour,Derby North,catherine.atkinson.mp@parliament.uk,House of Commons,London,SW1A 0AA
Lewis,Atkinson,Lewis Atkinson,"Atkinson, Lewis",Labour,Sunderland Central,lewis.atkinson.mp@parliament.uk,House of Commons,London,SW1A 0AA
Josh,Babarinde,Josh Babarinde,"Babarinde, Josh",Liberal Democrat,Eastbourne,josh.babarinde.mp@parliament.uk,House of Commons,London,SW1A 0AA
Gareth,Bacon,Gareth Bacon,"Bacon, Gareth",Conservative,Orpington,gareth.bacon.mp@parliament.uk,House of Commons,London,SW1A 0AA
Kemi,Badenoch,Mrs Kemi Badenoch,"Badenoch, Mrs Kemi",Conservative,North West Essex,kemi.badenoch.mp@parliament.uk,House of Commons,London,SW1A 0AA
Calvin,Bailey,Calvin Bailey,"Bailey, Calvin",Labour,Leyton and Wanstead,calvin.bailey.mp@parliament.uk,House of Commons,London,SW1A 0AA
Olivia,Bailey,Olivia Bailey,"Bailey, Olivia",Labour,Reading West and Mid Berkshire,olivia.bailey.mp@parliament.uk,House of Commons,London,SW1A 0AA
David,Baines,David Baines,"Baines, David",Labour,St Helens North,david.baines.mp@parliament.uk,House of Commons,London,SW1A 0AA
Alex,Baker,Alex Baker,"Baker, Alex",Labour,Aldershot,alex.baker.mp@parliament.uk,House of Commons,London,SW1A 0AA
Richard,Baker,Richard Baker,"Baker, Richard",Labour,Glenrothes and Mid Fife,richard.baker.mp@parliament.uk,House of Commons,London,SW1A 0AA
Harriett,Baldwin,Dame Harriett Baldwin,"Baldwin, Dame Harriett",Conservative,West Worcestershire,harriett.baldwin.mp@parliament.uk,House of Commons,London,SW1A 0AA
Alex,Ballinger,Alex Ballinger,"Ballinger, Alex",Labour,Halesowen,alex.ballinger.mp@parliament.uk,House of Commons,London,SW1A 0AA
Antonia,Bance,Antonia Bance,"Bance, Antonia",Labour,Tipton and Wednesbury,antonia.bance.mp@parliament.uk,House of Commons,London,SW1A 0AA
Stephen,Barclay,Steve Barclay,"Barclay, Steve",Conservative,North East Cambridgeshire,stephen.barclay.mp@parliament.uk,House of Commons,London,SW1A 0AA
Paula,Barker,Paula Barker,"Barker, Paula",Labour,Liverpool Wavertree,paula.barker.mp@parliament.uk,House of Commons,London,SW1A 0AA
Lee,Barron,Lee Barron,"Barron, Lee",Labour,Corby and East Northamptonshire,lee.barron.mp@parliament.uk,House of Commons,London,SW1A 0AA
Alexandre,Barros-Curtis,Mr Alex Barros-Curtis,"Barros-Curtis, Mr Alex",Labour,Cardiff West,alex.barroscurtis.mp@parliament.uk,House of Commons,London,SW1A 0AA
Johanna,Baxter,Johanna Baxter,"Baxter, Johanna",Labour,Paisley and Renfrewshire South,johanna.baxter.mp@parliament.uk,House of Commons,London,SW1A 0AA
Danny,Beales,Danny Beales,"Beales, Danny",Labour,Uxbridge and South Ruislip,danny.beales.mp@parliament.uk,House of Commons,London,SW1A 0AA
Lorraine,Beavers,Mrs Lorraine Beavers,"Beavers, Mrs Lorraine",Labour,Blackpool North and Fleetwood,lorraine.beavers.mp@parliament.uk,House of Commons,London,SW1A 0AA
Peter,Bedford,Mr Peter Bedford,"Bedford, Mr Peter",Conservative,Mid Leicestershire,peter.bedford.mp@parliament.uk,House of Commons,London,SW1A 0AA
�rfhlaith,Begley,�rfhlaith Begley,"Begley, �rfhlaith",Sinn F�in,West Tyrone,,House of Commons,London,SW1A 0AA
Apsana,Begum,Apsana Begum,"Begum, Apsana",Labour,Poplar and Limehouse,apsana.begum.mp@parliament.uk,House of Commons,London,SW1A 0AA
Torsten,Bell,Torsten Bell,"Bell, Torsten",Labour,Swansea West,torsten.bell.mp@parliament.uk,House of Commons,London,SW1A 0AA
Hilary,Benn,Hilary Benn,"Benn, Hilary",Labour,Leeds South,bennh@parliament.uk,House of Commons,London,SW1A 0AA
Alison,Bennett,Alison Bennett,"Bennett, Alison",Liberal Democrat,Mid Sussex,alison.bennett.mp@parliament.uk,House of Commons,London,SW1A 0AA
Si�n,Berry,Si�n Berry,"Berry, Si�n",Green Party,Brighton Pavilion,sian.berry.mp@parliament.uk,House of Commons,London,SW1A 0AA
Clive,Betts,Mr Clive Betts,"Betts, Mr Clive",Labour,Sheffield South East,officeofclivebettsmp@parliament.uk,House of Commons,London,SW1A 0AA
Saqib,Bhatti,Saqib Bhatti,"Bhatti, Saqib",Conservative,Meriden and Solihull East,saqib.bhatti@parliament.uk,House of Commons,London,SW1A 0AA
Polly,Billington,Polly Billington,"Billington, Polly",Labour,East Thanet,polly.billington.mp@parliament.uk,House of Commons,London,SW1A 0AA
Matt,Bishop,Matt Bishop,"Bishop, Matt",Labour,Forest of Dean,matt.bishop.mp@parliament.uk,House of Commons,London,SW1A 0AA
Bob,Blackman,Bob Blackman,"Blackman, Bob",Conservative,Harrow East,bob.blackman.mp@parliament.uk,House of Commons,London,SW1A 0AA
Kirsty,Blackman,Kirsty Blackman,"Blackman, Kirsty",Scottish National Party,Aberdeen North,kirsty.blackman.mp@parliament.uk,House of Commons,London,SW1A 0AA
Olivia,Blake,Olivia Blake,"Blake, Olivia",Labour,Sheffield Hallam,olivia.blake.mp@parliament.uk,House of Commons,London,SW1A 0AA
Rachel,Blake,Rachel Blake,"Blake, Rachel",Labour,Cities of London and Westminster,rachel.blake.mp@parliament.uk,House of Commons,London,SW1A 0AA
Chris,Bloore,Mr Chris Bloore,"Bloore, Mr Chris",Labour,Redditch,chris.bloore.mp@parliament.uk,House of Commons,London,SW1A 0AA
Elsie,Blundell,Mrs Elsie Blundell,"Blundell, Mrs Elsie",Labour,Heywood and Middleton North,elsie.blundell.mp@parliament.uk,House of Commons,London,SW1A 0AA
Kevin,Bonavia,Kevin Bonavia,"Bonavia, Kevin",Labour,Stevenage,kevin.bonavia.mp@parliament.uk,House of Commons,London,SW1A 0AA
Sarah,Bool,Sarah Bool,"Bool, Sarah",Conservative,South Northamptonshire,sarah.bool.mp@parliament.uk,House of Commons,London,SW1A 0AA
Jade,Botterill,Jade Botterill,"Botterill, Jade",Labour,Ossett and Denby Dale,jade.botterill.mp@parliament.uk,House of Commons,London,SW1A 0AA
Andrew,Bowie,Andrew Bowie,"Bowie, Andrew",Conservative,West Aberdeenshire and Kincardine,andrew.bowie.mp@parliament.uk,House of Commons,London,SW1A 0AA
Sureena,Brackenridge,Sureena Brackenridge,"Brackenridge, Sureena",Labour,Wolverhampton North East,sureena.brackenridge.mp@parliament.uk,House of Commons,London,SW1A 0AA
Karen,Bradley,Dame Karen Bradley,"Bradley, Dame Karen",Conservative,Staffordshire Moorlands,karen.bradley.mp@parliament.uk,House of Commons,London,SW1A 0AA
Aphra,Brandreth,Aphra Brandreth,"Brandreth, Aphra",Conservative,Chester South and Eddisbury,aphra.brandreth.mp@parliament.uk,House of Commons,London,SW1A 0AA
Jonathan,Brash,Jonathan Brash,"Brash, Jonathan",Labour,Hartlepool,jonathan.brash.mp@parliament.uk,House of Commons,London,SW1A 0AA
Suella,Braverman,Suella Braverman,"Braverman, Suella",Conservative,Fareham and Waterlooville,suella.braverman.mp@parliament.uk,House of Commons,London,SW1A 0AA
Alex,Brewer,Alex Brewer,"Brewer, Alex",Liberal Democrat,North East Hampshire,alex.brewer.mp@parliament.uk,House of Commons,London,SW1A 0AA
Phil,Brickell,Mr Phil Brickell,"Brickell, Mr Phil",Labour,Bolton West,phil.brickell.mp@parliament.uk,House of Commons,London,SW1A 0AA
Jess,Brown-Fuller,Jess Brown-Fuller,"Brown-Fuller, Jess",Liberal Democrat,Chichester,jess.brownfuller.mp@parliament.uk,House of Commons,London,SW1A 0AA
Chris,Bryant,Sir Chris Bryant,"Bryant, Sir Chris",Labour,Rhondda and Ogmore,chris.bryant.mp@parliament.uk,House of Commons,London,SW1A 0AA
Julia,Buckley,Julia Buckley,"Buckley, Julia",Labour,Shrewsbury,julia.buckley.mp@parliament.uk,House of Commons,London,SW1A 0AA
Alex,Burghart,Alex Burghart,"Burghart, Alex",Conservative,Brentwood and Ongar,alex.burghart.mp@parliament.uk,House of Commons,London,SW1A 0AA
Richard,Burgon,Richard Burgon,"Burgon, Richard",Labour,Leeds East,,House of Commons,London,SW1A 0AA
Maureen,Burke,Maureen Burke,"Burke, Maureen",Labour,Glasgow North East,maureen.burke.mp@parliament.uk,House of Commons,London,SW1A 0AA
David,Burton-Sampson,David Burton-Sampson,"Burton-Sampson, David",Labour,Southend West and Leigh,david.burtonsampson.mp@parliament.uk,House of Commons,London,SW1A 0AA
Dawn,Butler,Dawn Butler,"Butler, Dawn",Labour,Brent East,dawn.butler.mp@parliament.uk,House of Commons,London,SW1A 0AA
Ian,Byrne,Ian Byrne,"Byrne, Ian",Labour,Liverpool West Derby,ian.byrne.mp@parliament.uk,House of Commons,London,SW1A 0AA
Liam,Byrne,Liam Byrne,"Byrne, Liam",Labour,Birmingham Hodge Hill and Solihull North,liam.byrne.mp@parliament.uk,House of Commons,London,SW1A 0AA
Ruth,Cadbury,Ruth Cadbury,"Cadbury, Ruth",Labour,Brentford and Isleworth,ruthcadburymp@parliament.uk,House of Commons,London,SW1A 0AA
Nesil,Caliskan,Nesil Caliskan,"Caliskan, Nesil",Labour,Barking,nesil.caliskan.mp@parliament.uk,House of Commons,London,SW1A 0AA
Irene,Campbell,Irene Campbell,"Campbell, Irene",Labour,North Ayrshire and Arran,irene.campbell.mp@parliament.uk,House of Commons,London,SW1A 0AA
Juliet,Campbell,Juliet Campbell,"Campbell, Juliet",Labour,Broxtowe,juliet.campbell.mp@parliament.uk,House of Commons,London,SW1A 0AA
Gregory,Campbell,Mr Gregory Campbell,"Campbell, Mr Gregory",Democratic Unionist Party,East Londonderry,dupcoleraine@parliament.uk,House of Commons,London,SW1A 0AA
Alan,Campbell,Sir Alan Campbell,"Campbell, Sir Alan",Labour,Tynemouth,alan.campbell.mp@parliament.uk,House of Commons,London,SW1A 0AA
Markus,Campbell-Savours,Markus Campbell-Savours,"Campbell-Savours, Markus",Labour,Penrith and Solway,markus.campbellsavours.mp@parliament.uk,House of Commons,London,SW1A 0AA
Charlotte,Cane,Charlotte Cane,"Cane, Charlotte",Liberal Democrat,Ely and East Cambridgeshire,charlotte.cane.mp@parliament.uk,House of Commons,London,SW1A 0AA
Dan,Carden,Dan Carden,"Carden, Dan",Labour,Liverpool Walton,dan.carden.mp@parliament.uk,House of Commons,London,SW1A 0AA
Sam,Carling,Sam Carling,"Carling, Sam",Labour,North West Cambridgeshire,sam.carling.mp@parliament.uk,House of Commons,London,SW1A 0AA
Alistair,Carmichael,Mr Alistair Carmichael,"Carmichael, Mr Alistair",Liberal Democrat,Orkney and Shetland,carmichaela@parliament.uk,House of Commons,London,SW1A 0AA
Al,Carns,Al Carns,"Carns, Al",Labour,Birmingham Selly Oak,al.carns.mp@parliament.uk,House of Commons,London,SW1A 0AA
James,Cartlidge,James Cartlidge,"Cartlidge, James",Conservative,South Suffolk,james.cartlidge.mp@parliament.uk,House of Commons,London,SW1A 0AA
David,Chadwick,David Chadwick,"Chadwick, David",Liberal Democrat,"Brecon, Radnor and Cwm Tawe",david.chadwick.mp@parliament.uk,House of Commons,London,SW1A 0AA
Wendy,Chamberlain,Wendy Chamberlain,"Chamberlain, Wendy",Liberal Democrat,North East Fife,wendy.chamberlain.mp@parliament.uk,House of Commons,London,SW1A 0AA
Danny,Chambers,Danny Chambers,"Chambers, Danny",Liberal Democrat,Winchester,danny.chambers.mp@parliament.uk,House of Commons,London,SW1A 0AA
Sarah,Champion,Sarah Champion,"Champion, Sarah",Labour,Rotherham,sarah.champion.mp@parliament.uk,House of Commons,London,SW1A 0AA
Bambos,Charalambous,Bambos Charalambous,"Charalambous, Bambos",Labour,Southgate and Wood Green,bambos.charalambous.mp@parliament.uk,House of Commons,London,SW1A 0AA
Luke,Charters,Luke Charters,"Charters, Luke",Labour,York Outer,luke.charters.mp@parliament.uk,House of Commons,London,SW1A 0AA
Christopher,Chope,Sir Christopher Chope,"Chope, Sir Christopher",Conservative,Christchurch,chopec@parliament.uk,House of Commons,London,SW1A 0AA
Ellie,Chowns,Ellie Chowns,"Chowns, Ellie",Green Party,North Herefordshire,ellie.chowns.mp@parliament.uk,House of Commons,London,SW1A 0AA
Feryal,Clark,Feryal Clark,"Clark, Feryal",Labour,Enfield North,feryal.clark.mp@parliament.uk,House of Commons,London,SW1A 0AA
James,Cleverly,Mr James Cleverly,"Cleverly, Mr James",Conservative,Braintree,james.cleverly.mp@parliament.uk,House of Commons,London,SW1A 0AA
Geoffrey,Clifton-Brown,Sir Geoffrey Clifton-Brown,"Clifton-Brown, Sir Geoffrey",Conservative,North Cotswolds,cliftonbrowng@parliament.uk,House of Commons,London,SW1A 0AA
Lewis,Cocking,Lewis Cocking,"Cocking, Lewis",Conservative,Broxbourne,lewis.cocking.mp@parliament.uk,House of Commons,London,SW1A 0AA
Chris,Coghlan,Chris Coghlan,"Coghlan, Chris",Liberal Democrat,Dorking and Horley,chris.coghlan.mp@parliament.uk,House of Commons,London,SW1A 0AA
Ben,Coleman,Ben Coleman,"Coleman, Ben",Labour,Chelsea and Fulham,ben.coleman.mp@parliament.uk,House of Commons,London,SW1A 0AA
Jacob,Collier,Jacob Collier,"Collier, Jacob",Labour,Burton and Uttoxeter,jacob.collier.mp@parliament.uk,House of Commons,London,SW1A 0AA
Lizzi,Collinge,Lizzi Collinge,"Collinge, Lizzi",Labour,Morecambe and Lunesdale,lizzi.collinge.mp@parliament.uk,House of Commons,London,SW1A 0AA
Tom,Collins,Tom Collins,"Collins, Tom",Labour,Worcester,tom.collins.mp@parliament.uk,House of Commons,London,SW1A 0AA
Victoria,Collins,Victoria Collins,"Collins, Victoria",Liberal Democrat,Harpenden and Berkhamsted,victoria.collins.mp@parliament.uk,House of Commons,London,SW1A 0AA
Liam,Conlon,Liam Conlon,"Conlon, Liam",Labour,Beckenham and Penge,liam.conlon.mp@parliament.uk,House of Commons,London,SW1A 0AA
Sarah,Coombes,Sarah Coombes,"Coombes, Sarah",Labour,West Bromwich,sarah.coombes.mp@parliament.uk,House of Commons,London,SW1A 0AA
Andrew,Cooper,Andrew Cooper,"Cooper, Andrew",Labour,Mid Cheshire,andrew.cooper.mp@parliament.uk,House of Commons,London,SW1A 0AA
Daisy,Cooper,Daisy Cooper,"Cooper, Daisy",Liberal Democrat,St Albans,daisy.cooper.mp@parliament.uk,House of Commons,London,SW1A 0AA
Beccy,Cooper,Dr Beccy Cooper,"Cooper, Dr Beccy",Labour,Worthing West,beccy.cooper.mp@parliament.uk,House of Commons,London,SW1A 0AA
John,Cooper,John Cooper,"Cooper, John",Conservative,Dumfries and Galloway,john.cooper.mp@parliament.uk,House of Commons,London,SW1A 0AA
Yvette,Cooper,Yvette Cooper,"Cooper, Yvette",Labour,"Pontefract, Castleford and Knottingley",coopery@parliament.uk,House of Commons,London,SW1A 0AA
Jeremy,Corbyn,Jeremy Corbyn,"Corbyn, Jeremy",Independent,Islington North,jeremy.corbyn.mp@parliament.uk,House of Commons,London,SW1A 0AA
Alberto,Costa,Alberto Costa,"Costa, Alberto",Conservative,South Leicestershire,alberto.costa.mp@parliament.uk,House of Commons,London,SW1A 0AA
Deirdre,Costigan,Deirdre Costigan,"Costigan, Deirdre",Labour,Ealing Southall,deirdre.costigan.mp@parliament.uk,House of Commons,London,SW1A 0AA
Claire,Coutinho,Claire Coutinho,"Coutinho, Claire",Conservative,East Surrey,claire.coutinho.mp@parliament.uk,House of Commons,London,SW1A 0AA
Pam,Cox,Pam Cox,"Cox, Pam",Labour,Colchester,pam.cox.mp@parliament.uk,House of Commons,London,SW1A 0AA
Geoffrey,Cox,Sir Geoffrey Cox,"Cox, Sir Geoffrey",Conservative,Torridge and Tavistock,coxg@parliament.uk,House of Commons,London,SW1A 0AA
Neil,Coyle,Neil Coyle,"Coyle, Neil",Labour,Bermondsey and Old Southwark,neil.coyle.mp@parliament.uk,House of Commons,London,SW1A 0AA
Jen,Craft,Jen Craft,"Craft, Jen",Labour,Thurrock,jen.craft.mp@parliament.uk,House of Commons,London,SW1A 0AA
Mary,Creagh,Mary Creagh,"Creagh, Mary",Labour,Coventry East,mary.creagh.mp@parliament.uk,House of Commons,London,SW1A 0AA
Stella,Creasy,Stella Creasy,"Creasy, Stella",Labour,Walthamstow,stella.creasy.mp@parliament.uk,House of Commons,London,SW1A 0AA
Torcuil,Crichton,Torcuil Crichton,"Crichton, Torcuil",Labour,Na h-Eileanan an Iar,torcuil.crichton.mp@parliament.uk,House of Commons,London,SW1A 0AA
Harriet,Cross,Harriet Cross,"Cross, Harriet",Conservative,Gordon and Buchan,harriet.cross.mp@parliament.uk,House of Commons,London,SW1A 0AA
Pat,Cullen,Pat Cullen,"Cullen, Pat",Sinn F�in,Fermanagh and South Tyrone,pat.cullen.mp@parliament.uk,House of Commons,London,SW1A 0AA
Judith,Cummins,Judith Cummins,"Cummins, Judith",Labour,Bradford South,judith.cummins.mp@parliament.uk,House of Commons,London,SW1A 0AA
Chris,Curtis,Chris Curtis,"Curtis, Chris",Labour,Milton Keynes North,chris.curtis.mp@parliament.uk,House of Commons,London,SW1A 0AA
Janet,Daby,Janet Daby,"Daby, Janet",Labour,Lewisham East,janet.daby.mp@parliament.uk,House of Commons,London,SW1A 0AA
Nicholas,Dakin,Nicholas Dakin,"Dakin, Nicholas",Labour,Scunthorpe,nic.dakin.mp@parliament.uk,House of Commons,London,SW1A 0AA
Ashley,Dalton,Ashley Dalton,"Dalton, Ashley",Labour,West Lancashire,ashley.dalton.mp@parliament.uk,House of Commons,London,SW1A 0AA
Adam,Dance,Adam Dance,"Dance, Adam",Liberal Democrat,Yeovil,adam.dance.mp@parliament.uk,House of Commons,London,SW1A 0AA
Steve,Darling,Steve Darling,"Darling, Steve",Liberal Democrat,Torbay,steve.darling.mp@parliament.uk,House of Commons,London,SW1A 0AA
Emily,Darlington,Emily Darlington,"Darlington, Emily",Labour,Milton Keynes Central,emily.darlington.mp@parliament.uk,House of Commons,London,SW1A 0AA
Edward,Davey,Ed Davey,"Davey, Ed",Liberal Democrat,Kingston and Surbiton,edward.davey.mp@parliament.uk,House of Commons,London,SW1A 0AA
Gareth,Davies,Gareth Davies,"Davies, Gareth",Conservative,Grantham and Bourne,gareth.davies.mp@parliament.uk,House of Commons,London,SW1A 0AA
Jonathan,Davies,Jonathan Davies,"Davies, Jonathan",Labour,Mid Derbyshire,jonathan.davies.mp@parliament.uk,House of Commons,London,SW1A 0AA
Mims,Davies,Mims Davies,"Davies, Mims",Conservative,East Grinstead and Uckfield,mims.davies.mp@parliament.uk,House of Commons,London,SW1A 0AA
Ann,Davies,Ms Ann Davies,"Davies, Ms Ann",Plaid Cymru,Caerfyrddin,ann.davies.mp@parliament.uk,House of Commons,London,SW1A 0AA
Paul,Davies,Paul Davies,"Davies, Paul",Labour,Colne Valley,paul.davies.mp@parliament.uk,House of Commons,London,SW1A 0AA
Shaun,Davies,Shaun Davies,"Davies, Shaun",Labour,Telford,shaun.davies.mp@parliament.uk,House of Commons,London,SW1A 0AA
Alex,Davies-Jones,Alex Davies-Jones,"Davies-Jones, Alex",Labour,Pontypridd,alex.daviesjones.mp@parliament.uk,House of Commons,London,SW1A 0AA
David,Davis,Sir David Davis,"Davis, Sir David",Conservative,Goole and Pocklington,david.davis.mp@parliament.uk,House of Commons,London,SW1A 0AA
Marsha,De Cordova,Marsha De Cordova,"De Cordova, Marsha",Labour,Battersea,marsha.decordova.mp@parliament.uk,House of Commons,London,SW1A 0AA
Bobby,Dean,Bobby Dean,"Dean, Bobby",Liberal Democrat,Carshalton and Wallington,bobby.dean.mp@parliament.uk,House of Commons,London,SW1A 0AA
Josh,Dean,Josh Dean,"Dean, Josh",Labour,Hertford and Stortford,josh.dean.mp@parliament.uk,House of Commons,London,SW1A 0AA
Kate,Dearden,Kate Dearden,"Dearden, Kate",Labour,Halifax,kate.dearden.mp@parliament.uk,House of Commons,London,SW1A 0AA
Carla,Denyer,Carla Denyer,"Denyer, Carla",Green Party,Bristol Central,carla.denyer.mp@parliament.uk,House of Commons,London,SW1A 0AA
Charlie,Dewhirst,Charlie Dewhirst,"Dewhirst, Charlie",Conservative,Bridlington and The Wolds,charlie.dewhirst.mp@parliament.uk,House of Commons,London,SW1A 0AA
Tanmanjeet,Dhesi,Mr Tanmanjeet Singh Dhesi,"Dhesi, Mr Tanmanjeet Singh",Labour,Slough,tan.dhesi.mp@parliament.uk,House of Commons,London,SW1A 0AA
Jim,Dickson,Jim Dickson,"Dickson, Jim",Labour,Dartford,jim.dickson.mp@parliament.uk,House of Commons,London,SW1A 0AA
Lee,Dillon,Mr Lee Dillon,"Dillon, Mr Lee",Liberal Democrat,Newbury,lee.dillon.mp@parliament.uk,House of Commons,London,SW1A 0AA
Caroline,Dinenage,Dame Caroline Dinenage,"Dinenage, Dame Caroline",Conservative,Gosport,caroline.dinenage.mp@parliament.uk,House of Commons,London,SW1A 0AA
Anna,Dixon,Anna Dixon,"Dixon, Anna",Labour,Shipley,anna.dixon.mp@parliament.uk,House of Commons,London,SW1A 0AA
Samantha,Dixon,Samantha Dixon,"Dixon, Samantha",Labour,Chester North and Neston,Samantha.dixon.mp@parliament.uk,House of Commons,London,SW1A 0AA
Anneliese,Dodds,Anneliese Dodds,"Dodds, Anneliese",Labour,Oxford East,anneliese.dodds.mp@parliament.uk,House of Commons,London,SW1A 0AA
Helena,Dollimore,Helena Dollimore,"Dollimore, Helena",Labour,Hastings and Rye,helena.dollimore.mp@parliament.uk,House of Commons,London,SW1A 0AA
Dave,Doogan,Dave Doogan,"Doogan, Dave",Scottish National Party,Angus and Perthshire Glens,dave.doogan.mp@parliament.uk,House of Commons,London,SW1A 0AA
Stephen,Doughty,Stephen Doughty,"Doughty, Stephen",Labour,Cardiff South and Penarth,stephen.doughty.mp@parliament.uk,House of Commons,London,SW1A 0AA
Peter,Dowd,Peter Dowd,"Dowd, Peter",Labour,Bootle,peter.dowd.mp@parliament.uk,House of Commons,London,SW1A 0AA
Oliver,Dowden,Sir Oliver Dowden,"Dowden, Sir Oliver",Conservative,Hertsmere,oliver.dowden.mp@parliament.uk,House of Commons,London,SW1A 0AA
Graeme,Downie,Graeme Downie,"Downie, Graeme",Labour,Dunfermline and Dollar,graeme.downie.mp@parliament.uk,House of Commons,London,SW1A 0AA
Rosie,Duffield,Rosie Duffield,"Duffield, Rosie",Labour,Canterbury,rosie.duffield.mp@parliament.uk,House of Commons,London,SW1A 0AA
Iain,Duncan Smith,Sir Iain Duncan Smith,"Duncan Smith, Sir Iain",Conservative,Chingford and Woodford Green,Iain.duncansmith.mp@parliament.uk,House of Commons,London,SW1A 0AA
Neil,Duncan-Jordan,Neil Duncan-Jordan,"Duncan-Jordan, Neil",Labour,Poole,neil.duncanjordan.mp@parliament.uk,House of Commons,London,SW1A 0AA
Sarah,Dyke,Sarah Dyke,"Dyke, Sarah",Liberal Democrat,Glastonbury and Somerton,sarah.dyke.mp@parliament.uk,House of Commons,London,SW1A 0AA
Angela,Eagle,Dame Angela Eagle,"Eagle, Dame Angela",Labour,Wallasey,eaglea@parliament.uk,House of Commons,London,SW1A 0AA
Maria,Eagle,Maria Eagle,"Eagle, Maria",Labour,Liverpool Garston,maria.eagle.mp@parliament.uk,House of Commons,London,SW1A 0AA
Alex,Easton,Alex Easton,"Easton, Alex",Independent,North Down,alex.easton.mp@parliament.uk,House of Commons,London,SW1A 0AA
Colum,Eastwood,Colum Eastwood,"Eastwood, Colum",Social Democratic & Labour Party,Foyle,colum.eastwood.mp@parliament.uk,House of Commons,London,SW1A 0AA
Sorcha,Eastwood,Sorcha Eastwood,"Eastwood, Sorcha",Alliance,Lagan Valley,sorcha.eastwood.mp@parliament.uk,House of Commons,London,SW1A 0AA
Cat,Eccles,Cat Eccles,"Eccles, Cat",Labour,Stourbridge,cat.eccles.mp@parliament.uk,House of Commons,London,SW1A 0AA
Lauren,Edwards,Lauren Edwards,"Edwards, Lauren",Labour,Rochester and Strood,lauren.edwards.mp@parliament.uk,House of Commons,London,SW1A 0AA
Sarah,Edwards,Sarah Edwards,"Edwards, Sarah",Labour,Tamworth,sarah.edwards.mp@parliament.uk,House of Commons,London,SW1A 0AA
Clive,Efford,Clive Efford,"Efford, Clive",Labour,Eltham and Chislehurst,effordc@parliament.uk,House of Commons,London,SW1A 0AA
Damien,Egan,Damien Egan,"Egan, Damien",Labour,Bristol North East,damien.egan.mp@parliament.uk,House of Commons,London,SW1A 0AA
Maya,Ellis,Maya Ellis,"Ellis, Maya",Labour,Ribble Valley,maya.ellis.mp@parliament.uk,House of Commons,London,SW1A 0AA
Chris,Elmore,Chris Elmore,"Elmore, Chris",Labour,Bridgend,Chris.Elmore.mp@parliament.uk,House of Commons,London,SW1A 0AA
Kirith,Entwistle,Kirith Entwistle,"Entwistle, Kirith",Labour,Bolton North East,kirith.entwistle.mp@parliament.uk,House of Commons,London,SW1A 0AA
Florence,Eshalomi,Florence Eshalomi,"Eshalomi, Florence",Labour,Vauxhall and Camberwell Green,florence.eshalomi.mp@parliament.uk,House of Commons,London,SW1A 0AA
Bill,Esterson,Bill Esterson,"Esterson, Bill",Labour,Sefton Central,bill.esterson.mp@parliament.uk,House of Commons,London,SW1A 0AA
Chris,Evans,Chris Evans,"Evans, Chris",Labour,Caerphilly,chris.evans.mp@parliament.uk,House of Commons,London,SW1A 0AA
Luke,Evans,Dr Luke Evans,"Evans, Dr Luke",Conservative,Hinckley and Bosworth,luke.evans.mp@parliament.uk,House of Commons,London,SW1A 0AA
Miatta,Fahnbulleh,Miatta Fahnbulleh,"Fahnbulleh, Miatta",Labour,Peckham,miatta.fahnbulleh.mp@parliament.uk,House of Commons,London,SW1A 0AA
Hamish,Falconer,Hamish Falconer,"Falconer, Hamish",Labour,Lincoln,hamish.falconer.mp@parliament.uk,House of Commons,London,SW1A 0AA
Nigel,Farage,Nigel Farage,"Farage, Nigel",Reform UK,Clacton,nigel.farage.mp@parliament.uk,House of Commons,London,SW1A 0AA
Linsey,Farnsworth,Linsey Farnsworth,"Farnsworth, Linsey",Labour,Amber Valley,linsey.farnsworth.mp@parliament.uk,House of Commons,London,SW1A 0AA
Timothy,Farron,Tim Farron,"Farron, Tim",Liberal Democrat,Westmorland and Lonsdale,farront@parliament.uk,House of Commons,London,SW1A 0AA
Josh,Fenton-Glynn,Josh Fenton-Glynn,"Fenton-Glynn, Josh",Labour,Calder Valley,josh.fentonglynn.mp@parliament.uk,House of Commons,London,SW1A 0AA
Mark,Ferguson,Mark Ferguson,"Ferguson, Mark",Labour,Gateshead Central and Whickham,mark.ferguson.mp@parliament.uk,House of Commons,London,SW1A 0AA
Patricia,Ferguson,Patricia Ferguson,"Ferguson, Patricia",Labour,Glasgow West,patricia.ferguson.mp@parliament.uk,House of Commons,London,SW1A 0AA
John,Finucane,John Finucane,"Finucane, John",Sinn F�in,Belfast North,john.finucane.mp@parliament.uk,House of Commons,London,SW1A 0AA
Natalie,Fleet,Natalie Fleet,"Fleet, Natalie",Labour,Bolsover,natalie.fleet.mp@parliament.uk,House of Commons,London,SW1A 0AA
Stephen,Flynn,Stephen Flynn,"Flynn, Stephen",Scottish National Party,Aberdeen South,stephen.flynn.mp@parliament.uk,House of Commons,London,SW1A 0AA
Emma,Foody,Emma Foody,"Foody, Emma",Labour,Cramlington and Killingworth,emma.foody.mp@parliament.uk,House of Commons,London,SW1A 0AA
Catherine,Fookes,Catherine Fookes,"Fookes, Catherine",Labour,Monmouthshire,catherine.fookes.mp@parliament.uk,House of Commons,London,SW1A 0AA
Richard,Foord,Richard Foord,"Foord, Richard",Liberal Democrat,Honiton and Sidmouth,richard.foord.mp@parliament.uk,House of Commons,London,SW1A 0AA
Will,Forster,Will Forster,"Forster, Will",Liberal Democrat,Woking,will.forster.mp@parliament.uk,House of Commons,London,SW1A 0AA
Peter,Fortune,Peter Fortune,"Fortune, Peter",Conservative,Bromley and Biggin Hill,peter.fortune.mp@parliament.uk,House of Commons,London,SW1A 0AA
Paul,Foster,Paul Foster,"Foster, Paul",Labour,South Ribble,paul.foster.mp@parliament.uk,House of Commons,London,SW1A 0AA
Ashley,Fox,Sir Ashley Fox,"Fox, Sir Ashley",Conservative,Bridgwater,ashley.fox.mp@parliament.uk,House of Commons,London,SW1A 0AA
Vicky,Foxcroft,Vicky Foxcroft,"Foxcroft, Vicky",Labour,Lewisham North,vicky.foxcroft.mp@parliament.uk,House of Commons,London,SW1A 0AA
Mary,Foy,Mary Kelly Foy,"Foy, Mary Kelly",Labour,City of Durham,mary.foy.mp@parliament.uk,House of Commons,London,SW1A 0AA
Daniel,Francis,Daniel Francis,"Francis, Daniel",Labour,Bexleyheath and Crayford,daniel.francis.mp@parliament.uk,House of Commons,London,SW1A 0AA
Mark,Francois,Mr Mark Francois,"Francois, Mr Mark",Conservative,Rayleigh and Wickford,mark.francois.mp@parliament.uk,House of Commons,London,SW1A 0AA
Z�e,Franklin,Z�e Franklin,"Franklin, Z�e",Liberal Democrat,Guildford,zoe.franklin.mp@parliament.uk,House of Commons,London,SW1A 0AA
George,Freeman,George Freeman,"Freeman, George",Conservative,Mid Norfolk,george.freeman.mp@parliament.uk,House of Commons,London,SW1A 0AA
Louie,French,Mr Louie French,"French, Mr Louie",Conservative,Old Bexley and Sidcup,louie.french.mp@parliament.uk,House of Commons,London,SW1A 0AA
James,Frith,Mr James Frith,"Frith, Mr James",Labour,Bury North,james.frith.mp@parliament.uk,House of Commons,London,SW1A 0AA
Richard,Fuller,Richard Fuller,"Fuller, Richard",Conservative,North Bedfordshire,richard.fuller.mp@parliament.uk,House of Commons,London,SW1A 0AA
Gill,Furniss,Gill Furniss,"Furniss, Gill",Labour,Sheffield Brightside and Hillsborough,gill.furniss.mp@parliament.uk,House of Commons,London,SW1A 0AA
Roger,Gale,Sir Roger Gale,"Gale, Sir Roger",Conservative,Herne Bay and Sandwich,galerj@parliament.uk,House of Commons,London,SW1A 0AA
Barry,Gardiner,Barry Gardiner,"Gardiner, Barry",Labour,Brent West,barry.gardiner.mp@parliament.uk,House of Commons,London,SW1A 0AA
Allison,Gardner,Allison Gardner,"Gardner, Allison",Labour,Stoke-on-Trent South,allison.gardner.mp@parliament.uk,House of Commons,London,SW1A 0AA
Mark,Garnier,Mark Garnier,"Garnier, Mark",Conservative,Wyre Forest,mark.garnier.mp@parliament.uk,House of Commons,London,SW1A 0AA
Anna,Gelderd,Anna Gelderd,"Gelderd, Anna",Labour,South East Cornwall,anna.gelderd.mp@parliament.uk,House of Commons,London,SW1A 0AA
Alan,Gemmell,Alan Gemmell,"Gemmell, Alan",Labour,Central Ayrshire,alan.gemmell.mp@parliament.uk,House of Commons,London,SW1A 0AA
Andrew,George,Andrew George,"George, Andrew",Liberal Democrat,St Ives,andrew.george.mp@parliament.uk,House of Commons,London,SW1A 0AA
Gill,German,Gill German,"German, Gill",Labour,Clwyd North,gill.german.mp@parliament.uk,House of Commons,London,SW1A 0AA
Stephen,Gethins,Stephen Gethins,"Gethins, Stephen",Scottish National Party,Arbroath and Broughty Ferry,stephen.gethins.mp@parliament.uk,House of Commons,London,SW1A 0AA
Nusrat,Ghani,Ms Nusrat Ghani,"Ghani, Ms Nusrat",Conservative,Sussex Weald,nusrat.ghani.mp@parliament.uk,House of Commons,London,SW1A 0AA
Sarah,Gibson,Sarah Gibson,"Gibson, Sarah",Liberal Democrat,Chippenham,sarah.gibson.mp@parliament.uk,House of Commons,London,SW1A 0AA
Tracy,Gilbert,Tracy Gilbert,"Gilbert, Tracy",Labour,Edinburgh North and Leith,tracy.gilbert.mp@parliament.uk,House of Commons,London,SW1A 0AA
Preet,Gill,Preet Kaur Gill,"Gill, Preet Kaur",Labour,Birmingham Edgbaston,preet.gill.mp@parliament.uk,House of Commons,London,SW1A 0AA
Rachel,Gilmour,Rachel Gilmour,"Gilmour, Rachel",Liberal Democrat,Tiverton and Minehead,rachel.gilmour.mp@parliament.uk,House of Commons,London,SW1A 0AA
Becky,Gittins,Becky Gittins,"Gittins, Becky",Labour,Clwyd East,becky.gittins.mp@parliament.uk,House of Commons,London,SW1A 0AA
John,Glen,John Glen,"Glen, John",Conservative,Salisbury,john.glen.mp@parliament.uk,House of Commons,London,SW1A 0AA
Mary,Glindon,Mary Glindon,"Glindon, Mary",Labour,Newcastle upon Tyne East and Wallsend,mary.glindon.mp@parliament.uk,House of Commons,London,SW1A 0AA
Oliver,Glover,Olly Glover,"Glover, Olly",Liberal Democrat,Didcot and Wantage,olly.glover.mp@parliament.uk,House of Commons,London,SW1A 0AA
Marie,Goldman,Marie Goldman,"Goldman, Marie",Liberal Democrat,Chelmsford,marie.goldman.mp@parliament.uk,House of Commons,London,SW1A 0AA
Ben,Goldsborough,Ben Goldsborough,"Goldsborough, Ben",Labour,South Norfolk,ben.goldsborough.mp@parliament.uk,House of Commons,London,SW1A 0AA
Tom,Gordon,Tom Gordon,"Gordon, Tom",Liberal Democrat,Harrogate and Knaresborough,tom.gordon.mp@parliament.uk,House of Commons,London,SW1A 0AA
Jodie,Gosling,Jodie Gosling,"Gosling, Jodie",Labour,Nuneaton,jodie.gosling.mp@parliament.uk,House of Commons,London,SW1A 0AA
Georgia,Gould,Georgia Gould,"Gould, Georgia",Labour,Queen's Park and Maida Vale,georgia.gould.mp@parliament.uk,House of Commons,London,SW1A 0AA
John,Grady,John Grady,"Grady, John",Labour,Glasgow East,john.grady.mp@parliament.uk,House of Commons,London,SW1A 0AA
Helen,Grant,Helen Grant,"Grant, Helen",Conservative,Maidstone and Malling,helen.grant.mp@parliament.uk,House of Commons,London,SW1A 0AA
Sarah,Green,Sarah Green,"Green, Sarah",Liberal Democrat,Chesham and Amersham,sarah.green.mp@parliament.uk,House of Commons,London,SW1A 0AA
Lilian,Greenwood,Lilian Greenwood,"Greenwood, Lilian",Labour,Nottingham South,lilian.greenwood.mp@parliament.uk,House of Commons,London,SW1A 0AA
Andrew,Griffith,Andrew Griffith,"Griffith, Andrew",Conservative,Arundel and South Downs,andrew.griffith.mp@parliament.uk,House of Commons,London,SW1A 0AA
Nia,Griffith,Dame Nia Griffith,"Griffith, Dame Nia",Labour,Llanelli,nia.griffith.mp@parliament.uk,House of Commons,London,SW1A 0AA
Alison,Griffiths,Alison Griffiths,"Griffiths, Alison",Conservative,Bognor Regis and Littlehampton,alison.griffiths.mp@parliament.uk,House of Commons,London,SW1A 0AA
Andrew,Gwynne,Andrew Gwynne,"Gwynne, Andrew",Labour,Gorton and Denton,gwynnea@parliament.uk,House of Commons,London,SW1A 0AA
Amanda,Hack,Amanda Hack,"Hack, Amanda",Labour,North West Leicestershire,amanda.hack.mp@parliament.uk,House of Commons,London,SW1A 0AA
Louise,Haigh,Louise Haigh,"Haigh, Louise",Labour,Sheffield Heeley,louise.haigh.mp@parliament.uk,House of Commons,London,SW1A 0AA
Sarah,Hall,Sarah Hall,"Hall, Sarah",Labour,Warrington South,sarah.hall.mp@parliament.uk,House of Commons,London,SW1A 0AA
Fabian,Hamilton,Fabian Hamilton,"Hamilton, Fabian",Labour,Leeds North East,fabian.hamilton.mp@parliament.uk,House of Commons,London,SW1A 0AA
Paulette,Hamilton,Paulette Hamilton,"Hamilton, Paulette",Labour,Birmingham Erdington,paulette.hamilton.mp@parliament.uk,House of Commons,London,SW1A 0AA
Claire,Hanna,Claire Hanna,"Hanna, Claire",Social Democratic & Labour Party,Belfast South and Mid Down,claire.hanna.mp@parliament.uk,House of Commons,London,SW1A 0AA
Monica,Harding,Monica Harding,"Harding, Monica",Liberal Democrat,Esher and Walton,monica.harding.mp@parliament.uk,House of Commons,London,SW1A 0AA
Emma,Hardy,Emma Hardy,"Hardy, Emma",Labour,Kingston upon Hull West and Haltemprice,emma.hardy.mp@parliament.uk,House of Commons,London,SW1A 0AA
Carolyn,Harris,Carolyn Harris,"Harris, Carolyn",Labour,Neath and Swansea East,carolyn.harris.mp@parliament.uk,House of Commons,London,SW1A 0AA
Rebecca,Harris,Rebecca Harris,"Harris, Rebecca",Conservative,Castle Point,rebecca.harris.mp@parliament.uk,House of Commons,London,SW1A 0AA
Lloyd,Hatton,Lloyd Hatton,"Hatton, Lloyd",Labour,South Dorset,lloyd.hatton.mp@parliament.uk,House of Commons,London,SW1A 0AA
Helen,Hayes,Helen Hayes,"Hayes, Helen",Labour,Dulwich and West Norwood,helen.hayes.mp@parliament.uk,House of Commons,London,SW1A 0AA
John,Hayes,Sir John Hayes,"Hayes, Sir John",Conservative,South Holland and The Deepings,hayesj@parliament.uk,House of Commons,London,SW1A 0AA
Tom,Hayes,Tom Hayes,"Hayes, Tom",Labour,Bournemouth East,tom.hayes.mp@parliament.uk,House of Commons,London,SW1A 0AA
Claire,Hazelgrove,Claire Hazelgrove,"Hazelgrove, Claire",Labour,Filton and Bradley Stoke,claire.hazelgrove.mp@parliament.uk,House of Commons,London,SW1A 0AA
Chris,Hazzard,Chris Hazzard,"Hazzard, Chris",Sinn F�in,South Down,chris.hazzard.mp@parliament.uk,House of Commons,London,SW1A 0AA
John,Healey,John Healey,"Healey, John",Labour,Rawmarsh and Conisbrough,john.healey.mp@parliament.uk,House of Commons,London,SW1A 0AA
Mark,Hendrick,Sir Mark Hendrick,"Hendrick, Sir Mark",Labour,Preston,mark.hendrick.mp@parliament.uk,House of Commons,London,SW1A 0AA
Pippa,Heylings,Pippa Heylings,"Heylings, Pippa",Liberal Democrat,South Cambridgeshire,pippa.heylings.mp@parliament.uk,House of Commons,London,SW1A 0AA
Meg,Hillier,Dame Meg Hillier,"Hillier, Dame Meg",Labour,Hackney South and Shoreditch,meghilliermp@parliament.uk,House of Commons,London,SW1A 0AA
Chris,Hinchliff,Chris Hinchliff,"Hinchliff, Chris",Labour,North East Hertfordshire,chris.hinchliff.mp@parliament.uk,House of Commons,London,SW1A 0AA
Jonathan,Hinder,Jonathan Hinder,"Hinder, Jonathan",Labour,Pendle and Clitheroe,jonathan.hinder.mp@parliament.uk,House of Commons,London,SW1A 0AA
Damian,Hinds,Damian Hinds,"Hinds, Damian",Conservative,East Hampshire,damian.hinds.mp@parliament.uk,House of Commons,London,SW1A 0AA
Simon,Hoare,Simon Hoare,"Hoare, Simon",Conservative,North Dorset,simon.hoare.mp@parliament.uk,House of Commons,London,SW1A 0AA
Wera,Hobhouse,Wera Hobhouse,"Hobhouse, Wera",Liberal Democrat,Bath,wera.hobhouse.mp@parliament.uk,House of Commons,London,SW1A 0AA
Sharon,Hodgson,Mrs Sharon Hodgson,"Hodgson, Mrs Sharon",Labour,Washington and Gateshead South,sharon.hodgson.mp@parliament.uk,House of Commons,London,SW1A 0AA
Richard,Holden,Mr Richard Holden,"Holden, Mr Richard",Conservative,Basildon and Billericay,richard.holden.mp@parliament.uk,House of Commons,London,SW1A 0AA
Kevin,Hollinrake,Kevin Hollinrake,"Hollinrake, Kevin",Conservative,Thirsk and Malton,kevin.hollinrake.mp@parliament.uk,House of Commons,London,SW1A 0AA
Paul,Holmes,Paul Holmes,"Holmes, Paul",Conservative,Hamble Valley,paul.holmes.mp@parliament.uk,House of Commons,London,SW1A 0AA
Rachel,Hopkins,Rachel Hopkins,"Hopkins, Rachel",Labour,Luton South and South Bedfordshire,rachel.hopkins.mp@parliament.uk,House of Commons,London,SW1A 0AA
Lindsay,Hoyle,Sir Lindsay Hoyle,"Hoyle, Sir Lindsay",Speaker,Chorley,Lindsay.hoyle.mp@parliament.uk,House of Commons,London,SW1A 0AA
Nigel,Huddleston,Nigel Huddleston,"Huddleston, Nigel",Conservative,Droitwich and Evesham,nigel.huddleston.mp@parliament.uk,House of Commons,London,SW1A 0AA
Neil,Hudson,Dr Neil Hudson,"Hudson, Dr Neil",Conservative,Epping Forest,neil.hudson.mp@parliament.uk,House of Commons,London,SW1A 0AA
Claire,Hughes,Claire Hughes,"Hughes, Claire",Labour,Bangor Aberconwy,claire.hughes.mp@parliament.uk,House of Commons,London,SW1A 0AA
D�ire,Hughes,D�ire Hughes,"Hughes, D�ire",Sinn F�in,Newry and Armagh,daire.hughes.mp@parliament.uk,House of Commons,London,SW1A 0AA
Alison,Hume,Alison Hume,"Hume, Alison",Labour,Scarborough and Whitby,alison.hume.mp@parliament.uk,House of Commons,London,SW1A 0AA
Jeremy,Hunt,Jeremy Hunt,"Hunt, Jeremy",Conservative,Godalming and Ash,huntj@parliament.uk,House of Commons,London,SW1A 0AA
Rupa,Huq,Dr Rupa Huq,"Huq, Dr Rupa",Labour,Ealing Central and Acton,rupa.huq.mp@parliament.uk,House of Commons,London,SW1A 0AA
Patrick,Hurley,Patrick Hurley,"Hurley, Patrick",Labour,Southport,patrick.hurley.mp@parliament.uk,House of Commons,London,SW1A 0AA
Imran,Hussain,Imran Hussain,"Hussain, Imran",Labour,Bradford East,imran.hussain.mp@parliament.uk,House of Commons,London,SW1A 0AA
Adnan,Hussain,Mr Adnan Hussain,"Hussain, Mr Adnan",Independent,Blackburn,adnan.hussain.mp@parliament.uk,House of Commons,London,SW1A 0AA
Leigh,Ingham,Leigh Ingham,"Ingham, Leigh",Labour,Stafford,leigh.ingham.mp@parliament.uk,House of Commons,London,SW1A 0AA
Natasha,Irons,Natasha Irons,"Irons, Natasha",Labour,Croydon East,natasha.irons.mp@parliament.uk,House of Commons,London,SW1A 0AA
Sally,Jameson,Sally Jameson,"Jameson, Sally",Labour,Doncaster Central,sally.jameson.mp@parliament.uk,House of Commons,London,SW1A 0AA
Christine,Jardine,Christine Jardine,"Jardine, Christine",Liberal Democrat,Edinburgh West,christine.jardine.mp@parliament.uk,House of Commons,London,SW1A 0AA
Dan,Jarvis,Dan Jarvis,"Jarvis, Dan",Labour,Barnsley North,dan.jarvis.mp@parliament.uk,House of Commons,London,SW1A 0AA
Liz,Jarvis,Liz Jarvis,"Jarvis, Liz",Liberal Democrat,Eastleigh,liz.jarvis.mp@parliament.uk,House of Commons,London,SW1A 0AA
Bernard,Jenkin,Sir Bernard Jenkin,"Jenkin, Sir Bernard",Conservative,Harwich and North Essex,bernard.jenkin.mp@parliament.uk,House of Commons,London,SW1A 0AA
Robert,Jenrick,Robert Jenrick,"Jenrick, Robert",Conservative,Newark,robert.jenrick.mp@parliament.uk,House of Commons,London,SW1A 0AA
Terry,Jermy,Terry Jermy,"Jermy, Terry",Labour,South West Norfolk,terry.jermy.mp@parliament.uk,House of Commons,London,SW1A 0AA
Adam,Jogee,Adam Jogee,"Jogee, Adam",Labour,Newcastle-under-Lyme,adam.jogee.mp@parliament.uk,House of Commons,London,SW1A 0AA
Diana,Johnson,Dame Diana Johnson,"Johnson, Dame Diana",Labour,Kingston upon Hull North and Cottingham,johnsond@parliament.uk,House of Commons,London,SW1A 0AA
Caroline,Johnson,Dr Caroline Johnson,"Johnson, Dr Caroline",Conservative,Sleaford and North Hykeham,caroline.johnson.mp@parliament.uk,House of Commons,London,SW1A 0AA
Kim,Johnson,Kim Johnson,"Johnson, Kim",Labour,Liverpool Riverside,kim.johnson.mp@parliament.uk,House of Commons,London,SW1A 0AA
Clive,Jones,Clive Jones,"Jones, Clive",Liberal Democrat,Wokingham,clive.jones.mp@parliament.uk,House of Commons,London,SW1A 0AA
Darren,Jones,Darren Jones,"Jones, Darren",Labour,Bristol North West,darren.jones.mp@parliament.uk,House of Commons,London,SW1A 0AA
Gerald,Jones,Gerald Jones,"Jones, Gerald",Labour,Merthyr Tydfil and Aberdare,gerald.jones.mp@parliament.uk,House of Commons,London,SW1A 0AA
Lillian,Jones,Lillian Jones,"Jones, Lillian",Labour,Kilmarnock and Loudoun,lillian.jones.mp@parliament.uk,House of Commons,London,SW1A 0AA
Louise,Jones,Louise Jones,"Jones, Louise",Labour,North East Derbyshire,louise.jones.mp@parliament.uk,House of Commons,London,SW1A 0AA
Ruth,Jones,Ruth Jones,"Jones, Ruth",Labour,Newport West and Islwyn,ruth.jones.mp@parliament.uk,House of Commons,London,SW1A 0AA
Sarah,Jones,Sarah Jones,"Jones, Sarah",Labour,Croydon West,sarah.jones.mp@parliament.uk,House of Commons,London,SW1A 0AA
Lincoln,Jopp,Lincoln Jopp,"Jopp, Lincoln",Conservative,Spelthorne,lincoln.jopp.mp@parliament.uk,House of Commons,London,SW1A 0AA
Gurinder,Josan,Gurinder Josan,"Josan, Gurinder",Labour,Smethwick,gurinder.josan.mp@parliament.uk,House of Commons,London,SW1A 0AA
Sojan,Joseph,Sojan Joseph,"Joseph, Sojan",Labour,Ashford,sojan.joseph.mp@parliament.uk,House of Commons,London,SW1A 0AA
Warinder,Juss,Warinder Juss,"Juss, Warinder",Labour,Wolverhampton West,warinder.juss.mp@parliament.uk,House of Commons,London,SW1A 0AA
Chris,Kane,Chris Kane,"Kane, Chris",Labour,Stirling and Strathallan,chris.kane.mp@parliament.uk,House of Commons,London,SW1A 0AA
Mike,Kane,Mike Kane,"Kane, Mike",Labour,Wythenshawe and Sale East,mike.kane.mp@parliament.uk,House of Commons,London,SW1A 0AA
Satvir,Kaur,Satvir Kaur,"Kaur, Satvir",Labour,Southampton Test,satvir.kaur.mp@parliament.uk,House of Commons,London,SW1A 0AA
Alicia,Kearns,Alicia Kearns,"Kearns, Alicia",Conservative,Rutland and Stamford,alicia.kearns.mp@parliament.uk,House of Commons,London,SW1A 0AA
Liz,Kendall,Liz Kendall,"Kendall, Liz",Labour,Leicester West,liz.kendall.mp@parliament.uk,House of Commons,London,SW1A 0AA
Afzal,Khan,Afzal Khan,"Khan, Afzal",Labour,Manchester Rusholme,afzal.khan.mp@parliament.uk,House of Commons,London,SW1A 0AA
Ayoub,Khan,Ayoub Khan,"Khan, Ayoub",Independent,Birmingham Perry Barr,ayoub.khan.mp@parliament.uk,House of Commons,London,SW1A 0AA
Naushabah,Khan,Naushabah Khan,"Khan, Naushabah",Labour,Gillingham and Rainham,naushabah.khan.mp@parliament.uk,House of Commons,London,SW1A 0AA
Stephen,Kinnock,Stephen Kinnock,"Kinnock, Stephen",Labour,Aberafan Maesteg,stephen.kinnock.mp@parliament.uk,House of Commons,London,SW1A 0AA
Jayne,Kirkham,Jayne Kirkham,"Kirkham, Jayne",Labour,Truro and Falmouth,jayne.kirkham.mp@parliament.uk,House of Commons,London,SW1A 0AA
Gen,Kitchen,Gen Kitchen,"Kitchen, Gen",Labour,Wellingborough and Rushden,gen.kitchen.mp@parliament.uk,House of Commons,London,SW1A 0AA
Paul,Kohler,Mr Paul Kohler,"Kohler, Mr Paul",Liberal Democrat,Wimbledon,paul.kohler.mp@parliament.uk,House of Commons,London,SW1A 0AA
Danny,Kruger,Danny Kruger,"Kruger, Danny",Conservative,East Wiltshire,danny.kruger.mp@parliament.uk,House of Commons,London,SW1A 0AA
Sonia,Kumar,Sonia Kumar,"Kumar, Sonia",Labour,Dudley,sonia.kumar.mp@parliament.uk,House of Commons,London,SW1A 0AA
Uma,Kumaran,Uma Kumaran,"Kumaran, Uma",Labour,Stratford and Bow,uma.kumaran.mp@parliament.uk,House of Commons,London,SW1A 0AA
Peter,Kyle,Peter Kyle,"Kyle, Peter",Labour,Hove and Portslade,peter.kyle.mp@parliament.uk,House of Commons,London,SW1A 0AA
Laura,Kyrke-Smith,Laura Kyrke-Smith,"Kyrke-Smith, Laura",Labour,Aylesbury,laura.kyrkesmith.mp@parliament.uk,House of Commons,London,SW1A 0AA
Ben,Lake,Ben Lake,"Lake, Ben",Plaid Cymru,Ceredigion Preseli,ben.lake.mp@parliament.uk,House of Commons,London,SW1A 0AA
Katie,Lam,Katie Lam,"Lam, Katie",Conservative,Weald of Kent,katie.lam.mp@parliament.uk,House of Commons,London,SW1A 0AA
Peter,Lamb,Peter Lamb,"Lamb, Peter",Labour,Crawley,peter.lamb.mp@parliament.uk,House of Commons,London,SW1A 0AA
David,Lammy,Mr David Lammy,"Lammy, Mr David",Labour,Tottenham,david.lammy.mp@parliament.uk,House of Commons,London,SW1A 0AA
John,Lamont,John Lamont,"Lamont, John",Conservative,"Berwickshire, Roxburgh and Selkirk",john.lamont.mp@parliament.uk,House of Commons,London,SW1A 0AA
Ian,Lavery,Ian Lavery,"Lavery, Ian",Labour,Blyth and Ashington,ian.lavery.mp@parliament.uk,House of Commons,London,SW1A 0AA
Chris,Law,Chris Law,"Law, Chris",Scottish National Party,Dundee Central,chris.law.mp@parliament.uk,House of Commons,London,SW1A 0AA
Noah,Law,Noah Law,"Law, Noah",Labour,St Austell and Newquay,noah.law.mp@parliament.uk,House of Commons,London,SW1A 0AA
Kim,Leadbeater,Kim Leadbeater,"Leadbeater, Kim",Labour,Spen Valley,kim.leadbeater.mp@parliament.uk,House of Commons,London,SW1A 0AA
Graham,Leadbitter,Graham Leadbitter,"Leadbitter, Graham",Scottish National Party,"Moray West, Nairn and Strathspey",graham.leadbitter.mp@parliament.uk,House of Commons,London,SW1A 0AA
Edward,Leigh,Sir Edward Leigh,"Leigh, Sir Edward",Conservative,Gainsborough,edward.leigh.mp@parliament.uk,House of Commons,London,SW1A 0AA
Brian,Leishman,Brian Leishman,"Leishman, Brian",Labour,Alloa and Grangemouth,brian.leishman.mp@parliament.uk,House of Commons,London,SW1A 0AA
Emma,Lewell-Buck,Mrs Emma Lewell-Buck,"Lewell-Buck, Mrs Emma",Labour,South Shields,emma.lewell-buck.mp@parliament.uk,House of Commons,London,SW1A 0AA
Andrew,Lewin,Andrew Lewin,"Lewin, Andrew",Labour,Welwyn Hatfield,andrew.lewin.mp@parliament.uk,House of Commons,London,SW1A 0AA
Clive,Lewis,Clive Lewis,"Lewis, Clive",Labour,Norwich South,clive.lewis.mp@parliament.uk,House of Commons,London,SW1A 0AA
Julian,Lewis,Sir Julian Lewis,"Lewis, Sir Julian",Conservative,New Forest East,,House of Commons,London,SW1A 0AA
Simon,Lightwood,Simon Lightwood,"Lightwood, Simon",Labour,Wakefield and Rothwell,simon.lightwood.mp@parliament.uk,House of Commons,London,SW1A 0AA
Carla,Lockhart,Carla Lockhart,"Lockhart, Carla",Democratic Unionist Party,Upper Bann,carla.lockhart.mp@parliament.uk,House of Commons,London,SW1A 0AA
Seamus,Logan,Seamus Logan,"Logan, Seamus",Scottish National Party,Aberdeenshire North and Moray East,seamus.logan.mp@parliament.uk,House of Commons,London,SW1A 0AA
Rebecca,Long Bailey,Rebecca Long Bailey,"Long Bailey, Rebecca",Labour,Salford,rebecca.longbailey.mp@parliament.uk,House of Commons,London,SW1A 0AA
Julia,Lopez,Julia Lopez,"Lopez, Julia",Conservative,Hornchurch and Upminster,julia.lopez.mp@parliament.uk,House of Commons,London,SW1A 0AA
Rupert,Lowe,Rupert Lowe,"Lowe, Rupert",Reform UK,Great Yarmouth,rupert.lowe.mp@parliament.uk,House of Commons,London,SW1A 0AA
Josh,MacAlister,Josh MacAlister,"MacAlister, Josh",Labour,Whitehaven and Workington,josh.macalister.mp@parliament.uk,House of Commons,London,SW1A 0AA
James,MacCleary,James MacCleary,"MacCleary, James",Liberal Democrat,Lewes,james.maccleary.mp@parliament.uk,House of Commons,London,SW1A 0AA
Alice,Macdonald,Alice Macdonald,"Macdonald, Alice",Labour,Norwich North,alice.macdonald.mp@parliament.uk,House of Commons,London,SW1A 0AA
Angus,MacDonald,Angus MacDonald,"MacDonald, Angus",Liberal Democrat,"Inverness, Skye and West Ross-shire",angus.macdonald.mp@parliament.uk,House of Commons,London,SW1A 0AA
Andy,MacNae,Andy MacNae,"MacNae, Andy",Labour,Rossendale and Darwen,andy.macnae.mp@parliament.uk,House of Commons,London,SW1A 0AA
Justin,Madders,Justin Madders,"Madders, Justin",Labour,Ellesmere Port and Bromborough,justin.madders.mp@parliament.uk,House of Commons,London,SW1A 0AA
Ben,Maguire,Ben Maguire,"Maguire, Ben",Liberal Democrat,North Cornwall,ben.maguire.mp@parliament.uk,House of Commons,London,SW1A 0AA
Helen,Maguire,Helen Maguire,"Maguire, Helen",Liberal Democrat,Epsom and Ewell,helen.maguire.mp@parliament.uk,House of Commons,London,SW1A 0AA
Shabana,Mahmood,Shabana Mahmood,"Mahmood, Shabana",Labour,Birmingham Ladywood,shabana.mahmood.mp@parliament.uk,House of Commons,London,SW1A 0AA
Alan,Mak,Alan Mak,"Mak, Alan",Conservative,Havant,alan.mak.mp@parliament.uk,House of Commons,London,SW1A 0AA
Seema,Malhotra,Seema Malhotra,"Malhotra, Seema",Labour,Feltham and Heston,seema.malhotra.mp@parliament.uk,House of Commons,London,SW1A 0AA
Cathal,Mallaghan,Mr Cathal Mallaghan,"Mallaghan, Mr Cathal",Sinn F�in,Mid Ulster,cathal.mallaghan.mp@parliament.uk,House of Commons,London,SW1A 0AA
Kit,Malthouse,Kit Malthouse,"Malthouse, Kit",Conservative,North West Hampshire,kit.malthouse.mp@parliament.uk,House of Commons,London,SW1A 0AA
Amanda,Martin,Amanda Martin,"Martin, Amanda",Labour,Portsmouth North,amanda.martin.mp@parliament.uk,House of Commons,London,SW1A 0AA
Mike,Martin,Mike Martin,"Martin, Mike",Liberal Democrat,Tunbridge Wells,mike.martin.mp@parliament.uk,House of Commons,London,SW1A 0AA
Rachael,Maskell,Rachael Maskell,"Maskell, Rachael",Labour,York Central,rachael.maskell.mp@parliament.uk,House of Commons,London,SW1A 0AA
Paul,Maskey,Paul Maskey,"Maskey, Paul",Sinn F�in,Belfast West,paul.maskey.mp@parliament.uk,House of Commons,London,SW1A 0AA
Keir,Mather,Keir Mather,"Mather, Keir",Labour,Selby,keir.mather.mp@parliament.uk,House of Commons,London,SW1A 0AA
Brian,Mathew,Brian Mathew,"Mathew, Brian",Liberal Democrat,Melksham and Devizes,brian.mathew.mp@parliament.uk,House of Commons,London,SW1A 0AA
Alex,Mayer,Alex Mayer,"Mayer, Alex",Labour,Dunstable and Leighton Buzzard,alex.mayer.mp@parliament.uk,House of Commons,London,SW1A 0AA
Jerome,Mayhew,Jerome Mayhew,"Mayhew, Jerome",Conservative,Broadland and Fakenham,jerome.mayhew.mp@parliament.uk,House of Commons,London,SW1A 0AA
Charles,Maynard,Charles Maynard,"Maynard, Charles",Liberal Democrat,Witney,charlie.maynard.mp@parliament.uk,House of Commons,London,SW1A 0AA
Douglas,McAllister,Douglas McAllister,"McAllister, Douglas",Labour,West Dunbartonshire,douglas.mcallister.mp@parliament.uk,House of Commons,London,SW1A 0AA
Kerry,McCarthy,Kerry McCarthy,"McCarthy, Kerry",Labour,Bristol East,kerry.mccarthy.mp@parliament.uk,House of Commons,London,SW1A 0AA
Martin,McCluskey,Martin McCluskey,"McCluskey, Martin",Labour,Inverclyde and Renfrewshire West,martin.mccluskey.mp@parliament.uk,House of Commons,London,SW1A 0AA
Siobhain,McDonagh,Dame Siobhain McDonagh,"McDonagh, Dame Siobhain",Labour,Mitcham and Morden,mcdonaghs@parliament.uk,House of Commons,London,SW1A 0AA
Andrew,McDonald,Andy McDonald,"McDonald, Andy",Labour,Middlesbrough and Thornaby East,andy.mcdonald.2nd@parliament.uk,House of Commons,London,SW1A 0AA
Christopher,McDonald,Chris McDonald,"McDonald, Chris",Labour,Stockton North,chris.mcdonald.mp@parliament.uk,House of Commons,London,SW1A 0AA
John,McDonnell,John McDonnell,"McDonnell, John",Labour,Hayes and Harlington,mcdonnellj@parliament.uk,House of Commons,London,SW1A 0AA
Blair,McDougall,Blair McDougall,"McDougall, Blair",Labour,East Renfrewshire,blair.mcdougall.mp@parliament.uk,House of Commons,London,SW1A 0AA
Lola,McEvoy,Lola McEvoy,"McEvoy, Lola",Labour,Darlington,lola.mcevoy.mp@parliament.uk,House of Commons,London,SW1A 0AA
Pat,McFadden,Pat McFadden,"McFadden, Pat",Labour,Wolverhampton South East,mcfaddenp@parliament.uk,House of Commons,London,SW1A 0AA
Alison,McGovern,Alison McGovern,"McGovern, Alison",Labour,Birkenhead,alison.mcgovern.mp@parliament.uk,House of Commons,London,SW1A 0AA
Alex,McIntyre,Alex McIntyre,"McIntyre, Alex",Labour,Gloucester,alex.mcintyre.mp@parliament.uk,House of Commons,London,SW1A 0AA
Gordon,McKee,Gordon McKee,"McKee, Gordon",Labour,Glasgow South,gordon.mckee.mp@parliament.uk,House of Commons,London,SW1A 0AA
Kevin,McKenna,Kevin McKenna,"McKenna, Kevin",Labour,Sittingbourne and Sheppey,kevin.mckenna.mp@parliament.uk,House of Commons,London,SW1A 0AA
Catherine,McKinnell,Catherine McKinnell,"McKinnell, Catherine",Labour,Newcastle upon Tyne North,catherine.mckinnell.mp@parliament.uk,House of Commons,London,SW1A 0AA
Jim,McMahon,Jim McMahon,"McMahon, Jim",Labour,"Oldham West, Chadderton and Royton",jim.mcmahon.mp@parliament.uk,House of Commons,London,SW1A 0AA
Anna,McMorrin,Anna McMorrin,"McMorrin, Anna",Labour,Cardiff North,anna.mcmorrin.mp@parliament.uk,House of Commons,London,SW1A 0AA
James,McMurdock,James McMurdock,"McMurdock, James",Reform UK,South Basildon and East Thurrock,james.mcmurdock.mp@parliament.uk,House of Commons,London,SW1A 0AA
Frank,McNally,Frank McNally,"McNally, Frank",Labour,Coatbridge and Bellshill,frank.mcnally.mp@parliament.uk,House of Commons,London,SW1A 0AA
Kirsty,McNeill,Kirsty McNeill,"McNeill, Kirsty",Labour,Midlothian,kirsty.mcneill.mp@parliament.uk,House of Commons,London,SW1A 0AA
Esther,McVey,Esther McVey,"McVey, Esther",Conservative,Tatton,esther.mcvey.mp@parliament.uk,House of Commons,London,SW1A 0AA
Llinos,Medi,Llinos Medi,"Medi, Llinos",Plaid Cymru,"Ynys Môn",llinos.medi.mp@parliament.uk,House of Commons,London,SW1A 0AA
Anneliese,Midgley,Anneliese Midgley,"Midgley, Anneliese",Labour,Knowsley,anneliese.midgley.mp@parliament.uk,House of Commons,London,SW1A 0AA
Ed,Miliband,Ed Miliband,"Miliband, Ed",Labour,Doncaster North,ed.miliband.mp@parliament.uk,House of Commons,London,SW1A 0AA
Calum,Miller,Calum Miller,"Miller, Calum",Liberal Democrat,Bicester and Woodstock,calum.miller.mp@parliament.uk,House of Commons,London,SW1A 0AA
John,Milne,John Milne,"Milne, John",Liberal Democrat,Horsham,john.milne.mp@parliament.uk,House of Commons,London,SW1A 0AA
Julie,Minns,Ms Julie Minns,"Minns, Ms Julie",Labour,Carlisle,julie.minns.mp@parliament.uk,House of Commons,London,SW1A 0AA
Navendu,Mishra,Navendu Mishra,"Mishra, Navendu",Labour,Stockport,navendu.mishra.mp@parliament.uk,House of Commons,London,SW1A 0AA
Andrew,Mitchell,Mr Andrew Mitchell,"Mitchell, Mr Andrew",Conservative,Sutton Coldfield,andrew.mitchell.mp@parliament.uk,House of Commons,London,SW1A 0AA
Abtisam,Mohamed,Abtisam Mohamed,"Mohamed, Abtisam",Labour,Sheffield Central,abtisam.mohamed.mp@parliament.uk,House of Commons,London,SW1A 0AA
Iqbal,Mohamed,Iqbal Mohamed,"Mohamed, Iqbal",Independent,Dewsbury and Batley,iqbal.mohamed.mp@parliament.uk,House of Commons,London,SW1A 0AA
Gagan,Mohindra,Mr Gagan Mohindra,"Mohindra, Mr Gagan",Conservative,South West Hertfordshire,gagan.mohindra.mp@parliament.uk,House of Commons,London,SW1A 0AA
Perran,Moon,Perran Moon,"Moon, Perran",Labour,Camborne and Redruth,perran.moon.mp@parliament.uk,House of Commons,London,SW1A 0AA
Robbie,Moore,Robbie Moore,"Moore, Robbie",Conservative,Keighley and Ilkley,robbie.moore.mp@parliament.uk,House of Commons,London,SW1A 0AA
Layla,Moran,Layla Moran,"Moran, Layla",Liberal Democrat,Oxford West and Abingdon,layla.moran.mp@parliament.uk,House of Commons,London,SW1A 0AA
Jessica,Morden,Jessica Morden,"Morden, Jessica",Labour,Newport East,mordenj@parliament.uk,House of Commons,London,SW1A 0AA
Edward,Morello,Edward Morello,"Morello, Edward",Liberal Democrat,West Dorset,edward.morello.mp@parliament.uk,House of Commons,London,SW1A 0AA
Helen,Morgan,Helen Morgan,"Morgan, Helen",Liberal Democrat,North Shropshire,helen.morgan.mp@parliament.uk,House of Commons,London,SW1A 0AA
Stephen,Morgan,Stephen Morgan,"Morgan, Stephen",Labour,Portsmouth South,stephen.morgan.mp@parliament.uk,House of Commons,London,SW1A 0AA
Grahame,Morris,Grahame Morris,"Morris, Grahame",Labour,Easington,grahame.morris.mp@parliament.uk,House of Commons,London,SW1A 0AA
Joe,Morris,Joe Morris,"Morris, Joe",Labour,Hexham,joe.morris.mp@parliament.uk,House of Commons,London,SW1A 0AA
Tom,Morrison,Mr Tom Morrison,"Morrison, Mr Tom",Liberal Democrat,Cheadle,tom.morrison.mp@parliament.uk,House of Commons,London,SW1A 0AA
Joy,Morrissey,Joy Morrissey,"Morrissey, Joy",Conservative,Beaconsfield,joy.morrissey.mp@parliament.uk,House of Commons,London,SW1A 0AA
Wendy,Morton,Wendy Morton,"Morton, Wendy",Conservative,Aldridge-Brownhills,wendy.morton.mp@parliament.uk,House of Commons,London,SW1A 0AA
Kieran,Mullan,Dr Kieran Mullan,"Mullan, Dr Kieran",Conservative,Bexhill and Battle,kieran.mullan.mp@parliament.uk,House of Commons,London,SW1A 0AA
Margaret,Mullane,Margaret Mullane,"Mullane, Margaret",Labour,Dagenham and Rainham,margaret.mullane.mp@parliament.uk,House of Commons,London,SW1A 0AA
David,Mundell,David Mundell,"Mundell, David",Conservative,"Dumfriesshire, Clydesdale and Tweeddale",david.mundell.mp@parliament.uk,House of Commons,London,SW1A 0AA
Tessa,Munt,Tessa Munt,"Munt, Tessa",Liberal Democrat,Wells and Mendip Hills,tessa.munt.mp@parliament.uk,House of Commons,London,SW1A 0AA
Luke,Murphy,Luke Murphy,"Murphy, Luke",Labour,Basingstoke,luke.murphy.mp@parliament.uk,House of Commons,London,SW1A 0AA
Chris,Murray,Chris Murray,"Murray, Chris",Labour,Edinburgh East and Musselburgh,chris.murray.mp@parliament.uk,House of Commons,London,SW1A 0AA
Ian,Murray,Ian Murray,"Murray, Ian",Labour,Edinburgh South,ian.murray.mp@parliament.uk,House of Commons,London,SW1A 0AA
James,Murray,James Murray,"Murray, James",Labour,Ealing North,james.murray.mp@parliament.uk,House of Commons,London,SW1A 0AA
Katrina,Murray,Katrina Murray,"Murray, Katrina",Labour,Cumbernauld and Kirkintilloch,katrina.murray.mp@parliament.uk,House of Commons,London,SW1A 0AA
Susan,Murray,Susan Murray,"Murray, Susan",Liberal Democrat,Mid Dunbartonshire,susan.murray.mp@parliament.uk,House of Commons,London,SW1A 0AA
Andrew,Murrison,Dr Andrew Murrison,"Murrison, Dr Andrew",Conservative,South West Wiltshire,murrisona@parliament.uk,House of Commons,London,SW1A 0AA
Luke,Myer,Luke Myer,"Myer, Luke",Labour,Middlesbrough South and East Cleveland,luke.myer.mp@parliament.uk,House of Commons,London,SW1A 0AA
James,Naish,James Naish,"Naish, James",Labour,Rushcliffe,james.naish.mp@parliament.uk,House of Commons,London,SW1A 0AA
Connor,Naismith,Connor Naismith,"Naismith, Connor",Labour,Crewe and Nantwich,connor.naismith.mp@parliament.uk,House of Commons,London,SW1A 0AA
Lisa,Nandy,Lisa Nandy,"Nandy, Lisa",Labour,Wigan,lisa.nandy.mp@parliament.uk,House of Commons,London,SW1A 0AA
Kanishka,Narayan,Kanishka Narayan,"Narayan, Kanishka",Labour,Vale of Glamorgan,kanishka.narayan.mp@parliament.uk,House of Commons,London,SW1A 0AA
Pamela,Nash,Pamela Nash,"Nash, Pamela",Labour,"Motherwell, Wishaw and Carluke",pamela.nash.mp@parliament.uk,House of Commons,London,SW1A 0AA
Josh,Newbury,Josh Newbury,"Newbury, Josh",Labour,Cannock Chase,josh.newbury.mp@parliament.uk,House of Commons,London,SW1A 0AA
Samantha,Niblett,Samantha Niblett,"Niblett, Samantha",Labour,South Derbyshire,samantha.niblett.mp@parliament.uk,House of Commons,London,SW1A 0AA
Charlotte,Nichols,Charlotte Nichols,"Nichols, Charlotte",Labour,Warrington North,charlotte.nichols.mp@parliament.uk,House of Commons,London,SW1A 0AA
Caroline,Nokes,Caroline Nokes,"Nokes, Caroline",Conservative,Romsey and Southampton North,caroline.nokes.mp@parliament.uk,House of Commons,London,SW1A 0AA
Jesse,Norman,Jesse Norman,"Norman, Jesse",Conservative,Hereford and South Herefordshire,jesse.norman.mp@parliament.uk,House of Commons,London,SW1A 0AA
Alex,Norris,Alex Norris,"Norris, Alex",Labour,Nottingham North and Kimberley,alex.norris.mp@parliament.uk,House of Commons,London,SW1A 0AA
Dan,Norris,Dan Norris,"Norris, Dan",Labour,North East Somerset and Hanham,dan.norris.mp@parliament.uk,House of Commons,London,SW1A 0AA
Ben,Obese-Jecty,Ben Obese-Jecty,"Obese-Jecty, Ben",Conservative,Huntingdon,ben.obesejecty.mp@parliament.uk,House of Commons,London,SW1A 0AA
Neil,O'Brien,Neil O'Brien,"O'Brien, Neil",Conservative,"Harborough, Oadby and Wigston",neil.obrien.mp@parliament.uk,House of Commons,London,SW1A 0AA
Brendan,O'Hara,Brendan O'Hara,"O'Hara, Brendan",Scottish National Party,"Argyll, Bute and South Lochaber",brendan.ohara.mp@parliament.uk,House of Commons,London,SW1A 0AA
Sarah,Olney,Sarah Olney,"Olney, Sarah",Liberal Democrat,Richmond Park,sarah.olney.mp@parliament.uk,House of Commons,London,SW1A 0AA
Melanie,Onn,Melanie Onn,"Onn, Melanie",Labour,Great Grimsby and Cleethorpes,melanie.onn.mp@parliament.uk,House of Commons,London,SW1A 0AA
Chi,Onwurah,Chi Onwurah,"Onwurah, Chi",Labour,Newcastle upon Tyne Central and West,chi.onwurah.mp@parliament.uk,House of Commons,London,SW1A 0AA
Simon,Opher,Dr Simon Opher,"Opher, Dr Simon",Labour,Stroud,simon.opher.mp@parliament.uk,House of Commons,London,SW1A 0AA
Abena,Oppong-Asare,Ms Abena Oppong-Asare,"Oppong-Asare, Ms Abena",Labour,Erith and Thamesmead,abena.oppongasare.mp@parliament.uk,House of Commons,London,SW1A 0AA
Kate,Osamor,Kate Osamor,"Osamor, Kate",Labour,Edmonton and Winchmore Hill,kate.osamor.mp@parliament.uk,House of Commons,London,SW1A 0AA
Kate,Osborne,Kate Osborne,"Osborne, Kate",Labour,Jarrow and Gateshead East,kate.osborne.mp@parliament.uk,House of Commons,London,SW1A 0AA
Tristan,Osborne,Tristan Osborne,"Osborne, Tristan",Labour,Chatham and Aylesford,tristan.osborne.mp@parliament.uk,House of Commons,London,SW1A 0AA
Taiwo,Owatemi,Taiwo Owatemi,"Owatemi, Taiwo",Labour,Coventry North West,taiwo.owatemi.mp@parliament.uk,House of Commons,London,SW1A 0AA
Sarah,Owen,Sarah Owen,"Owen, Sarah",Labour,Luton North,sarah.owen.mp@parliament.uk,House of Commons,London,SW1A 0AA
Darren,Paffey,Darren Paffey,"Paffey, Darren",Labour,Southampton Itchen,darren.paffey.mp@parliament.uk,House of Commons,London,SW1A 0AA
Andrew,Pakes,Andrew Pakes,"Pakes, Andrew",Labour,Peterborough,andrew.pakes.mp@parliament.uk,House of Commons,London,SW1A 0AA
Priti,Patel,Priti Patel,"Patel, Priti",Conservative,Witham,withammp@parliament.uk,House of Commons,London,SW1A 0AA
Matthew,Patrick,Matthew Patrick,"Patrick, Matthew",Labour,Wirral West,matthew.patrick.mp@parliament.uk,House of Commons,London,SW1A 0AA
Rebecca,Paul,Rebecca Paul,"Paul, Rebecca",Conservative,Reigate,rebecca.paul.mp@parliament.uk,House of Commons,London,SW1A 0AA
Michael,Payne,Michael Payne,"Payne, Michael",Labour,Gedling,michael.payne.mp@parliament.uk,House of Commons,London,SW1A 0AA
Stephanie,Peacock,Stephanie Peacock,"Peacock, Stephanie",Labour,Barnsley South,stephanie.peacock.mp@parliament.uk,House of Commons,London,SW1A 0AA
Jon,Pearce,Jon Pearce,"Pearce, Jon",Labour,High Peak,jon.pearce.mp@parliament.uk,House of Commons,London,SW1A 0AA
Matthew,Pennycook,Matthew Pennycook,"Pennycook, Matthew",Labour,Greenwich and Woolwich,matthew.pennycook.mp@parliament.uk,House of Commons,London,SW1A 0AA
Toby,Perkins,Mr Toby Perkins,"Perkins, Mr Toby",Labour,Chesterfield,toby.perkins.mp@parliament.uk,House of Commons,London,SW1A 0AA
Manuela,Perteghella,Manuela Perteghella,"Perteghella, Manuela",Liberal Democrat,Stratford-on-Avon,manuela.perteghella.mp@parliament.uk,House of Commons,London,SW1A 0AA
Jess,Phillips,Jess Phillips,"Phillips, Jess",Labour,Birmingham Yardley,jess.phillips.mp@parliament.uk,House of Commons,London,SW1A 0AA
Bridget,Phillipson,Bridget Phillipson,"Phillipson, Bridget",Labour,Houghton and Sunderland South,bridget.phillipson.mp@parliament.uk,House of Commons,London,SW1A 0AA
Chris,Philp,Chris Philp,"Philp, Chris",Conservative,Croydon South,chris.philp.mp@parliament.uk,House of Commons,London,SW1A 0AA
Al,Pinkerton,Al Pinkerton,"Pinkerton, Al",Liberal Democrat,Surrey Heath,al.pinkerton.mp@parliament.uk,House of Commons,London,SW1A 0AA
David,Pinto-Duschinsky,David Pinto-Duschinsky,"Pinto-Duschinsky, David",Labour,Hendon,david.pintoduschinsky.mp@parliament.uk,House of Commons,London,SW1A 0AA
Lee,Pitcher,Lee Pitcher,"Pitcher, Lee",Labour,Doncaster East and the Isle of Axholme,lee.pitcher.mp@parliament.uk,House of Commons,London,SW1A 0AA
Jo,Platt,Jo Platt,"Platt, Jo",Labour,Leigh and Atherton,jo.platt.mp@parliament.uk,House of Commons,London,SW1A 0AA
Luke,Pollard,Luke Pollard,"Pollard, Luke",Labour,Plymouth Sutton and Devonport,luke.pollard.mp@parliament.uk,House of Commons,London,SW1A 0AA
Joe,Powell,Joe Powell,"Powell, Joe",Labour,Kensington and Bayswater,joe.powell.mp@parliament.uk,House of Commons,London,SW1A 0AA
Lucy,Powell,Lucy Powell,"Powell, Lucy",Labour,Manchester Central,,House of Commons,London,SW1A 0AA
Gregor,Poynton,Gregor Poynton,"Poynton, Gregor",Labour,Livingston,gregor.poynton.mp@parliament.uk,House of Commons,London,SW1A 0AA
Peter,Prinsley,Peter Prinsley,"Prinsley, Peter",Labour,Bury St Edmunds and Stowmarket,peter.prinsley.mp@parliament.uk,House of Commons,London,SW1A 0AA
Mark,Pritchard,Mark Pritchard,"Pritchard, Mark",Conservative,The Wrekin,mark.pritchard.mp@parliament.uk,House of Commons,London,SW1A 0AA
Richard,Quigley,Richard Quigley,"Quigley, Richard",Labour,Isle of Wight West,richard.quigley.mp@parliament.uk,House of Commons,London,SW1A 0AA
Yasmin,Qureshi,Yasmin Qureshi,"Qureshi, Yasmin",Labour,Bolton South and Walkden,yasmin.qureshi.mp@parliament.uk,House of Commons,London,SW1A 0AA
Steve,Race,Steve Race,"Race, Steve",Labour,Exeter,steve.race.mp@parliament.uk,House of Commons,London,SW1A 0AA
Shivani,Raja,Shivani Raja,"Raja, Shivani",Conservative,Leicester East,shivani.raja.mp@parliament.uk,House of Commons,London,SW1A 0AA
Adrian,Ramsay,Adrian Ramsay,"Ramsay, Adrian",Green Party,Waveney Valley,adrian.ramsay.mp@parliament.uk,House of Commons,London,SW1A 0AA
Connor,Rand,Mr Connor Rand,"Rand, Mr Connor",Labour,Altrincham and Sale West,connor.rand.mp@parliament.uk,House of Commons,London,SW1A 0AA
Andrew,Ranger,Andrew Ranger,"Ranger, Andrew",Labour,Wrexham,andrew.ranger.mp@parliament.uk,House of Commons,London,SW1A 0AA
Jack,Rankin,Jack Rankin,"Rankin, Jack",Conservative,Windsor,jack.rankin.mp@parliament.uk,House of Commons,London,SW1A 0AA
Angela,Rayner,Angela Rayner,"Rayner, Angela",Labour,Ashton-under-Lyne,angela.rayner.mp@parliament.uk,House of Commons,London,SW1A 0AA
Mike,Reader,Mike Reader,"Reader, Mike",Labour,Northampton South,mike.reader.mp@parliament.uk,House of Commons,London,SW1A 0AA
David,Reed,David Reed,"Reed, David",Conservative,Exmouth and Exeter East,david.reed.mp@parliament.uk,House of Commons,London,SW1A 0AA
Steve,Reed,Steve Reed,"Reed, Steve",Labour,Streatham and Croydon North,steve.reed.mp@parliament.uk,House of Commons,London,SW1A 0AA
Ellie,Reeves,Ellie Reeves,"Reeves, Ellie",Labour,Lewisham West and East Dulwich,ellie.reeves.mp@parliament.uk,House of Commons,London,SW1A 0AA
Rachel,Reeves,Rachel Reeves,"Reeves, Rachel",Labour,Leeds West and Pudsey,rachel.reeves.mp@parliament.uk,House of Commons,London,SW1A 0AA
Joani,Reid,Joani Reid,"Reid, Joani",Labour,East Kilbride and Strathaven,joani.reid.mp@parliament.uk,House of Commons,London,SW1A 0AA
Emma,Reynolds,Emma Reynolds,"Reynolds, Emma",Labour,Wycombe,emma.reynolds.mp@parliament.uk,House of Commons,London,SW1A 0AA
Jonathan,Reynolds,Jonathan Reynolds,"Reynolds, Jonathan",Labour,Stalybridge and Hyde,jonathan.reynolds.mp@parliament.uk,House of Commons,London,SW1A 0AA
Joshua,Reynolds,Mr Joshua Reynolds,"Reynolds, Mr Joshua",Liberal Democrat,Maidenhead,joshua.reynolds.mp@parliament.uk,House of Commons,London,SW1A 0AA
Martin,Rhodes,Martin Rhodes,"Rhodes, Martin",Labour,Glasgow North,martin.rhodes.mp@parliament.uk,House of Commons,London,SW1A 0AA
Bell,Ribeiro-Addy,Bell Ribeiro-Addy,"Ribeiro-Addy, Bell",Labour,Clapham and Brixton Hill,bell.ribeiroaddy.mp@parliament.uk,House of Commons,London,SW1A 0AA
Jake,Richards,Jake Richards,"Richards, Jake",Labour,Rother Valley,jake.richards.mp@parliament.uk,House of Commons,London,SW1A 0AA
Jenny,Riddell-Carpenter,Jenny Riddell-Carpenter,"Riddell-Carpenter, Jenny",Labour,Suffolk Coastal,jenny.riddellcarpenter.mp@parliament.uk,House of Commons,London,SW1A 0AA
Lucy,Rigby,Lucy Rigby,"Rigby, Lucy",Labour,Northampton North,lucy.rigby.mp@parliament.uk,House of Commons,London,SW1A 0AA
Marie,Rimmer,Ms Marie Rimmer,"Rimmer, Ms Marie",Labour,St Helens South and Whiston,marie.rimmer.mp@parliament.uk,House of Commons,London,SW1A 0AA
Dave,Robertson,Dave Robertson,"Robertson, Dave",Labour,Lichfield,dave.robertson.mp@parliament.uk,House of Commons,London,SW1A 0AA
Joe,Robertson,Joe Robertson,"Robertson, Joe",Conservative,Isle of Wight East,joe.robertson.mp@parliament.uk,House of Commons,London,SW1A 0AA
Gavin,Robinson,Gavin Robinson,"Robinson, Gavin",Democratic Unionist Party,Belfast East,gavin.robinson.mp@parliament.uk,House of Commons,London,SW1A 0AA
Tim,Roca,Tim Roca,"Roca, Tim",Labour,Macclesfield,tim.roca.mp@parliament.uk,House of Commons,London,SW1A 0AA
Matt,Rodda,Matt Rodda,"Rodda, Matt",Labour,Reading Central,matt.rodda.mp@parliament.uk,House of Commons,London,SW1A 0AA
Ian,Roome,Ian Roome,"Roome, Ian",Liberal Democrat,North Devon,ian.roome.mp@parliament.uk,House of Commons,London,SW1A 0AA
Andrew,Rosindell,Andrew Rosindell,"Rosindell, Andrew",Conservative,Romford,andrew.rosindell.mp@parliament.uk,House of Commons,London,SW1A 0AA
Sam,Rushworth,Sam Rushworth,"Rushworth, Sam",Labour,Bishop Auckland,sam.rushworth.mp@parliament.uk,House of Commons,London,SW1A 0AA
Sarah,Russell,Mrs Sarah Russell,"Russell, Mrs Sarah",Labour,Congleton,sarah.russell.mp@parliament.uk,House of Commons,London,SW1A 0AA
Tom,Rutland,Tom Rutland,"Rutland, Tom",Labour,East Worthing and Shoreham,tom.rutland.mp@parliament.uk,House of Commons,London,SW1A 0AA
Oliver,Ryan,Oliver Ryan,"Ryan, Oliver",Labour,Burnley,oliver.ryan.mp@parliament.uk,House of Commons,London,SW1A 0AA
Anna,Sabine,Anna Sabine,"Sabine, Anna",Liberal Democrat,Frome and East Somerset,anna.sabine.mp@parliament.uk,House of Commons,London,SW1A 0AA
Sarah,Sackman,Sarah Sackman,"Sackman, Sarah",Labour,Finchley and Golders Green,sarah.sackman.mp@parliament.uk,House of Commons,London,SW1A 0AA
Jeevun,Sandher,Jeevun Sandher,"Sandher, Jeevun",Labour,Loughborough,jeevun.sandher.mp@parliament.uk,House of Commons,London,SW1A 0AA
Roz,Savage,Dr Roz Savage,"Savage, Dr Roz",Liberal Democrat,South Cotswolds,roz.savage.mp@parliament.uk,House of Commons,London,SW1A 0AA
Liz,Saville Roberts,Liz Saville Roberts,"Saville Roberts, Liz",Plaid Cymru,Dwyfor Meirionnydd,liz.savilleroberts.mp@parliament.uk,House of Commons,London,SW1A 0AA
Michelle,Scrogham,Michelle Scrogham,"Scrogham, Michelle",Labour,Barrow and Furness,michelle.scrogham.mp@parliament.uk,House of Commons,London,SW1A 0AA
Mark,Sewards,Mr Mark Sewards,"Sewards, Mr Mark",Labour,Leeds South West and Morley,mark.sewards.mp@parliament.uk,House of Commons,London,SW1A 0AA
Naz,Shah,Naz Shah,"Shah, Naz",Labour,Bradford West,naz.shah.mp@parliament.uk,House of Commons,London,SW1A 0AA
Baggy,Shanker,Baggy Shanker,"Shanker, Baggy",Labour,Derby South,baggy.shanker.mp@parliament.uk,House of Commons,London,SW1A 0AA
Michael,Shanks,Michael Shanks,"Shanks, Michael",Labour,Rutherglen,michael.shanks.mp@parliament.uk,House of Commons,London,SW1A 0AA
Jim,Shannon,Jim Shannon,"Shannon, Jim",Democratic Unionist Party,Strangford,jim.shannon.mp@parliament.uk,House of Commons,London,SW1A 0AA
Neil,Shastri-Hurst,Dr Neil Shastri-Hurst,"Shastri-Hurst, Dr Neil",Conservative,Solihull West and Shirley,neil.shastrihurst.mp@parliament.uk,House of Commons,London,SW1A 0AA
Alec,Shelbrooke,Sir Alec Shelbrooke,"Shelbrooke, Sir Alec",Conservative,Wetherby and Easingwold,alec.shelbrooke.mp@parliament.uk,House of Commons,London,SW1A 0AA
Tulip,Siddiq,Tulip Siddiq,"Siddiq, Tulip",Labour,Hampstead and Highgate,tulip.siddiq.mp@parliament.uk,House of Commons,London,SW1A 0AA
David,Simmonds,David Simmonds,"Simmonds, David",Conservative,"Ruislip, Northwood and Pinner",david.simmonds.mp@parliament.uk,House of Commons,London,SW1A 0AA
Josh,Simons,Josh Simons,"Simons, Josh",Labour,Makerfield,josh.simons.mp@parliament.uk,House of Commons,London,SW1A 0AA
Vikki,Slade,Vikki Slade,"Slade, Vikki",Liberal Democrat,Mid Dorset and North Poole,vikki.slade.mp@parliament.uk,House of Commons,London,SW1A 0AA
Andy,Slaughter,Andy Slaughter,"Slaughter, Andy",Labour,Hammersmith and Chiswick,slaughtera@parliament.uk,House of Commons,London,SW1A 0AA
John,Slinger,John Slinger,"Slinger, John",Labour,Rugby,john.slinger.mp@parliament.uk,House of Commons,London,SW1A 0AA
Lisa,Smart,Lisa Smart,"Smart, Lisa",Liberal Democrat,Hazel Grove,lisa.smart.mp@parliament.uk,House of Commons,London,SW1A 0AA
Cat,Smith,Cat Smith,"Smith, Cat",Labour,Lancaster and Wyre,cat.smith.mp@parliament.uk,House of Commons,London,SW1A 0AA
David,Smith,David Smith,"Smith, David",Labour,North Northumberland,david.smith.mp@parliament.uk,House of Commons,London,SW1A 0AA
Greg,Smith,Greg Smith,"Smith, Greg",Conservative,Mid Buckinghamshire,greg.smith.mp@parliament.uk,House of Commons,London,SW1A 0AA
Jeff,Smith,Jeff Smith,"Smith, Jeff",Labour,Manchester Withington,jeff.smith.mp@parliament.uk,House of Commons,London,SW1A 0AA
Nick,Smith,Nick Smith,"Smith, Nick",Labour,Blaenau Gwent and Rhymney,nick.smith.mp@parliament.uk,House of Commons,London,SW1A 0AA
Rebecca,Smith,Rebecca Smith,"Smith, Rebecca",Conservative,South West Devon,rebecca.smith.mp@parliament.uk,House of Commons,London,SW1A 0AA
Sarah,Smith,Sarah Smith,"Smith, Sarah",Labour,Hyndburn,sarah.smith.mp@parliament.uk,House of Commons,London,SW1A 0AA
Julian,Smith,Sir Julian Smith,"Smith, Sir Julian",Conservative,Skipton and Ripon,julian.smith.mp@parliament.uk,House of Commons,London,SW1A 0AA
Karin,Smyth,Karin Smyth,"Smyth, Karin",Labour,Bristol South,karin.smyth.mp@parliament.uk,House of Commons,London,SW1A 0AA
Gareth,Snell,Gareth Snell,"Snell, Gareth",Labour,Stoke-on-Trent Central,gareth.snell.mp@parliament.uk,House of Commons,London,SW1A 0AA
Andrew,Snowden,Mr Andrew Snowden,"Snowden, Mr Andrew",Conservative,Fylde,andrew.snowden.mp@parliament.uk,House of Commons,London,SW1A 0AA
Alex,Sobel,Alex Sobel,"Sobel, Alex",Labour,Leeds Central and Headingley,alex.sobel.mp@parliament.uk,House of Commons,London,SW1A 0AA
Ian,Sollom,Ian Sollom,"Sollom, Ian",Liberal Democrat,St Neots and Mid Cambridgeshire,ian.sollom.mp@parliament.uk,House of Commons,London,SW1A 0AA
Ben,Spencer,Dr Ben Spencer,"Spencer, Dr Ben",Conservative,Runnymede and Weybridge,ben.spencer.mp@parliament.uk,House of Commons,London,SW1A 0AA
Patrick,Spencer,Patrick Spencer,"Spencer, Patrick",Conservative,Central Suffolk and North Ipswich,patrick.spencer.mp@parliament.uk,House of Commons,London,SW1A 0AA
Greg,Stafford,Greg Stafford,"Stafford, Greg",Conservative,Farnham and Bordon,greg.stafford.mp@parliament.uk,House of Commons,London,SW1A 0AA
Euan,Stainbank,Euan Stainbank,"Stainbank, Euan",Labour,Falkirk,euan.stainbank.mp@parliament.uk,House of Commons,London,SW1A 0AA
Keir,Starmer,Sir Keir Starmer,"Starmer, Sir Keir",Labour,Holborn and St Pancras,keir.starmer.mp@parliament.uk,House of Commons,London,SW1A 0AA
Blake,Stephenson,Blake Stephenson,"Stephenson, Blake",Conservative,Mid Bedfordshire,blake.stephenson.mp@parliament.uk,House of Commons,London,SW1A 0AA
Jo,Stevens,Jo Stevens,"Stevens, Jo",Labour,Cardiff East,jo.stevens.mp@parliament.uk,House of Commons,London,SW1A 0AA
Kenneth,Stevenson,Kenneth Stevenson,"Stevenson, Kenneth",Labour,Airdrie and Shotts,kenneth.stevenson.mp@parliament.uk,House of Commons,London,SW1A 0AA
Elaine,Stewart,Elaine Stewart,"Stewart, Elaine",Labour,"Ayr, Carrick and Cumnock",elaine.stewart.mp@parliament.uk,House of Commons,London,SW1A 0AA
Jamie,Stone,Jamie Stone,"Stone, Jamie",Liberal Democrat,"Caithness, Sutherland and Easter Ross",jamie.stone.mp@parliament.uk,House of Commons,London,SW1A 0AA
Will,Stone,Will Stone,"Stone, Will",Labour,Swindon North,will.stone.mp@parliament.uk,House of Commons,London,SW1A 0AA
Alistair,Strathern,Alistair Strathern,"Strathern, Alistair",Labour,Hitchin,alistair.strathern.mp@parliament.uk,House of Commons,London,SW1A 0AA
Wes,Streeting,Wes Streeting,"Streeting, Wes",Labour,Ilford North,wes.streeting.mp@parliament.uk,House of Commons,London,SW1A 0AA
Alan,Strickland,Alan Strickland,"Strickland, Alan",Labour,Newton Aycliffe and Spennymoor,alan.strickland.mp@parliament.uk,House of Commons,London,SW1A 0AA
Mel,Stride,Mel Stride,"Stride, Mel",Conservative,Central Devon,mel.stride.mp@parliament.uk,House of Commons,London,SW1A 0AA
Graham,Stringer,Graham Stringer,"Stringer, Graham",Labour,Blackley and Middleton South,graham.stringer.mp@parliament.uk,House of Commons,London,SW1A 0AA
Graham,Stuart,Graham Stuart,"Stuart, Graham",Conservative,Beverley and Holderness,grahamstuartmp@parliament.uk,House of Commons,London,SW1A 0AA
Lauren,Sullivan,Dr Lauren Sullivan,"Sullivan, Dr Lauren",Labour,Gravesham,lauren.sullivan.mp@parliament.uk,House of Commons,London,SW1A 0AA
Kirsteen,Sullivan,Kirsteen Sullivan,"Sullivan, Kirsteen",Labour,Bathgate and Linlithgow,kirsteen.sullivan.mp@parliament.uk,House of Commons,London,SW1A 0AA
Zarah,Sultana,Zarah Sultana,"Sultana, Zarah",Labour,Coventry South,zarah.sultana.mp@parliament.uk,House of Commons,London,SW1A 0AA
Rishi,Sunak,Rishi Sunak,"Sunak, Rishi",Conservative,Richmond and Northallerton,rishi.sunak.mp@parliament.uk,House of Commons,London,SW1A 0AA
Peter,Swallow,Peter Swallow,"Swallow, Peter",Labour,Bracknell,peter.swallow.mp@parliament.uk,House of Commons,London,SW1A 0AA
Robert,Swann,Robin Swann,"Swann, Robin",Ulster Unionist Party,South Antrim,robin.swann.mp@parliament.uk,House of Commons,London,SW1A 0AA
Desmond,Swayne,Sir Desmond Swayne,"Swayne, Sir Desmond",Conservative,New Forest West,swayned@parliament.uk,House of Commons,London,SW1A 0AA
Mark,Tami,Mark Tami,"Tami, Mark",Labour,Alyn and Deeside,tamim@parliament.uk,House of Commons,London,SW1A 0AA
Mike,Tapp,Mike Tapp,"Tapp, Mike",Labour,Dover and Deal,mike.tapp.mp@parliament.uk,House of Commons,London,SW1A 0AA
Alison,Taylor,Alison Taylor,"Taylor, Alison",Labour,Paisley and Renfrewshire North,alison.taylor.mp@parliament.uk,House of Commons,London,SW1A 0AA
David,Taylor,David Taylor,"Taylor, David",Labour,Hemel Hempstead,david.taylor.mp@parliament.uk,House of Commons,London,SW1A 0AA
Luke,Taylor,Luke Taylor,"Taylor, Luke",Liberal Democrat,Sutton and Cheam,luke.taylor.mp@parliament.uk,House of Commons,London,SW1A 0AA
Rachel,Taylor,Rachel Taylor,"Taylor, Rachel",Labour,North Warwickshire and Bedworth,rachel.taylor.mp@parliament.uk,House of Commons,London,SW1A 0AA
Bradley,Thomas,Bradley Thomas,"Thomas, Bradley",Conservative,Bromsgrove,bradley.thomas.mp@parliament.uk,House of Commons,London,SW1A 0AA
Cameron,Thomas,Cameron Thomas,"Thomas, Cameron",Liberal Democrat,Tewkesbury,cameron.thomas.mp@parliament.uk,House of Commons,London,SW1A 0AA
Fred,Thomas,Fred Thomas,"Thomas, Fred",Labour,Plymouth Moor View,fred.thomas.mp@parliament.uk,House of Commons,London,SW1A 0AA
Gareth,Thomas,Gareth Thomas,"Thomas, Gareth",Labour,Harrow West,gareth.thomas.mp@parliament.uk,House of Commons,London,SW1A 0AA
Nick,Thomas-Symonds,Nick Thomas-Symonds,"Thomas-Symonds, Nick",Labour,Torfaen,nick.thomassymonds.mp@parliament.uk,House of Commons,London,SW1A 0AA
Adam,Thompson,Adam Thompson,"Thompson, Adam",Labour,Erewash,adam.thompson.mp@parliament.uk,House of Commons,London,SW1A 0AA
Emily,Thornberry,Emily Thornberry,"Thornberry, Emily",Labour,Islington South and Finsbury,thornberrye@parliament.uk,House of Commons,London,SW1A 0AA
Richard,Tice,Richard Tice,"Tice, Richard",Reform UK,Boston and Skegness,richard.tice.mp@parliament.uk,House of Commons,London,SW1A 0AA
Marie,Tidball,Marie Tidball,"Tidball, Marie",Labour,Penistone and Stocksbridge,marie.tidball.mp@parliament.uk,House of Commons,London,SW1A 0AA
Stephen,Timms,Sir Stephen Timms,"Timms, Sir Stephen",Labour,East Ham,timmss@parliament.uk,House of Commons,London,SW1A 0AA
Nick,Timothy,Nick Timothy,"Timothy, Nick",Conservative,West Suffolk,nick.timothy.mp@parliament.uk,House of Commons,London,SW1A 0AA
Jessica,Toale,Jessica Toale,"Toale, Jessica",Labour,Bournemouth West,jessica.toale.mp@parliament.uk,House of Commons,London,SW1A 0AA
Dan,Tomlinson,Dan Tomlinson,"Tomlinson, Dan",Labour,Chipping Barnet,dan.tomlinson.mp@parliament.uk,House of Commons,London,SW1A 0AA
Jon,Trickett,Jon Trickett,"Trickett, Jon",Labour,Normanton and Hemsworth,trickettj@parliament.uk,House of Commons,London,SW1A 0AA
Laura,Trott,Laura Trott,"Trott, Laura",Conservative,Sevenoaks,laura.trott.mp@parliament.uk,House of Commons,London,SW1A 0AA
Henry,Tufnell,Henry Tufnell,"Tufnell, Henry",Labour,Mid and South Pembrokeshire,henry.tufnell.mp@parliament.uk,House of Commons,London,SW1A 0AA
Tom,Tugendhat,Tom Tugendhat,"Tugendhat, Tom",Conservative,Tonbridge,tom.tugendhat.mp@parliament.uk,House of Commons,London,SW1A 0AA
Anna,Turley,Anna Turley,"Turley, Anna",Labour,Redcar,anna.turley.mp@parliament.uk,House of Commons,London,SW1A 0AA
Matt,Turmaine,Matt Turmaine,"Turmaine, Matt",Labour,Watford,matt.turmaine.mp@parliament.uk,House of Commons,London,SW1A 0AA
Karl,Turner,Karl Turner,"Turner, Karl",Labour,Kingston upon Hull East,karl.turner.mp@parliament.uk,House of Commons,London,SW1A 0AA
Laurence,Turner,Laurence Turner,"Turner, Laurence",Labour,Birmingham Northfield,laurence.turner.mp@parliament.uk,House of Commons,London,SW1A 0AA
Derek,Twigg,Derek Twigg,"Twigg, Derek",Labour,Widnes and Halewood,derek.twigg.mp@parliament.uk,House of Commons,London,SW1A 0AA
Liz,Twist,Liz Twist,"Twist, Liz",Labour,Blaydon and Consett,liz.twist.mp@parliament.uk,House of Commons,London,SW1A 0AA
Harpreet,Uppal,Harpreet Uppal,"Uppal, Harpreet",Labour,Huddersfield,harpreet.uppal.mp@parliament.uk,House of Commons,London,SW1A 0AA
Freddie,Van Mierlo,Freddie Van Mierlo,"Van Mierlo, Freddie",Liberal Democrat,Henley and Thame,freddie.vanmierlo.mp@parliament.uk,House of Commons,London,SW1A 0AA
Tony,Vaughan,Tony Vaughan,"Vaughan, Tony",Labour,Folkestone and Hythe,tony.vaughan.mp@parliament.uk,House of Commons,London,SW1A 0AA
Valerie,Vaz,Valerie Vaz,"Vaz, Valerie",Labour,Walsall and Bloxwich,valerie.vaz.mp@parliament.uk,House of Commons,London,SW1A 0AA
Martin,Vickers,Martin Vickers,"Vickers, Martin",Conservative,Brigg and Immingham,martin.vickers.mp@parliament.uk,House of Commons,London,SW1A 0AA
Matt,Vickers,Matt Vickers,"Vickers, Matt",Conservative,Stockton West,matt.vickers.mp@parliament.uk,House of Commons,London,SW1A 0AA
Chris,Vince,Chris Vince,"Vince, Chris",Labour,Harlow,chris.vince.mp@parliament.uk,House of Commons,London,SW1A 0AA
Caroline,Voaden,Caroline Voaden,"Voaden, Caroline",Liberal Democrat,South Devon,caroline.voaden.mp@parliament.uk,House of Commons,London,SW1A 0AA
Christian,Wakeford,Christian Wakeford,"Wakeford, Christian",Labour,Bury South,christian.wakeford.mp@parliament.uk,House of Commons,London,SW1A 0AA
Imogen,Walker,Imogen Walker,"Walker, Imogen",Labour,Hamilton and Clyde Valley,imogen.walker.mp@parliament.uk,House of Commons,London,SW1A 0AA
Chris,Ward,Chris Ward,"Ward, Chris",Labour,Brighton Kemptown and Peacehaven,chris.ward.mp@parliament.uk,House of Commons,London,SW1A 0AA
Melanie,Ward,Melanie Ward,"Ward, Melanie",Labour,Cowdenbeath and Kirkcaldy,melanie.ward.mp@parliament.uk,House of Commons,London,SW1A 0AA
Paul,Waugh,Paul Waugh,"Waugh, Paul",Labour,Rochdale,paul.waugh.mp@parliament.uk,House of Commons,London,SW1A 0AA
Chris,Webb,Chris Webb,"Webb, Chris",Labour,Blackpool South,chris.webb.mp@parliament.uk,House of Commons,London,SW1A 0AA
Michelle,Welsh,Michelle Welsh,"Welsh, Michelle",Labour,Sherwood Forest,michelle.welsh.mp@parliament.uk,House of Commons,London,SW1A 0AA
Catherine,West,Catherine West,"West, Catherine",Labour,Hornsey and Friern Barnet,catherine.west.mp@parliament.uk,House of Commons,London,SW1A 0AA
Andrew,Western,Andrew Western,"Western, Andrew",Labour,Stretford and Urmston,andrew.western.mp@parliament.uk,House of Commons,London,SW1A 0AA
Matt,Western,Matt Western,"Western, Matt",Labour,Warwick and Leamington,matt.western.mp@parliament.uk,House of Commons,London,SW1A 0AA
Helen,Whately,Helen Whately,"Whately, Helen",Conservative,Faversham and Mid Kent,helen.whately.mp@parliament.uk,House of Commons,London,SW1A 0AA
Michael,Wheeler,Michael Wheeler,"Wheeler, Michael",Labour,Worsley and Eccles,michael.wheeler.mp@parliament.uk,House of Commons,London,SW1A 0AA
John,Whitby,John Whitby,"Whitby, John",Labour,Derbyshire Dales,john.whitby.mp@parliament.uk,House of Commons,London,SW1A 0AA
Jo,White,Jo White,"White, Jo",Labour,Bassetlaw,jo.white.mp@parliament.uk,House of Commons,London,SW1A 0AA
Katie,White,Katie White,"White, Katie",Labour,Leeds North West,katie.white.mp@parliament.uk,House of Commons,London,SW1A 0AA
John,Whittingdale,Sir John Whittingdale,"Whittingdale, Sir John",Conservative,Maldon,john.whittingdale.mp@parliament.uk,House of Commons,London,SW1A 0AA
Nadia,Whittome,Nadia Whittome,"Whittome, Nadia",Labour,Nottingham East,nadia.whittome.mp@parliament.uk,House of Commons,London,SW1A 0AA
James,Wild,James Wild,"Wild, James",Conservative,North West Norfolk,james.wild.mp@parliament.uk,House of Commons,London,SW1A 0AA
Max,Wilkinson,Max Wilkinson,"Wilkinson, Max",Liberal Democrat,Cheltenham,max.wilkinson.mp@parliament.uk,House of Commons,London,SW1A 0AA
David,Williams,David Williams,"Williams, David",Labour,Stoke-on-Trent North,david.williams.mp@parliament.uk,House of Commons,London,SW1A 0AA
Gavin,Williamson,Sir Gavin Williamson,"Williamson, Sir Gavin",Conservative,"Stone, Great Wyrley and Penkridge",gavin.williamson.mp@parliament.uk,House of Commons,London,SW1A 0AA
Munira,Wilson,Munira Wilson,"Wilson, Munira",Liberal Democrat,Twickenham,munira.wilson.mp@parliament.uk,House of Commons,London,SW1A 0AA
Sammy,Wilson,Sammy Wilson,"Wilson, Sammy",Democratic Unionist Party,East Antrim,barronj@parliament.uk,House of Commons,London,SW1A 0AA
Pete,Wishart,Pete Wishart,"Wishart, Pete",Scottish National Party,Perth and Kinross-shire,pete.wishart.mp@parliament.uk,House of Commons,London,SW1A 0AA
Steve,Witherden,Steve Witherden,"Witherden, Steve",Labour,"Montgomeryshire and Glyndŵr",steve.witherden.mp@parliament.uk,House of Commons,London,SW1A 0AA
Mike,Wood,Mike Wood,"Wood, Mike",Conservative,Kingswinford and South Staffordshire,mike.wood.mp@parliament.uk,House of Commons,London,SW1A 0AA
Sean,Woodcock,Sean Woodcock,"Woodcock, Sean",Labour,Banbury,sean.woodcock.mp@parliament.uk,House of Commons,London,SW1A 0AA
Jeremy,Wright,Sir Jeremy Wright,"Wright, Sir Jeremy",Conservative,Kenilworth and Southam,Jeremy.wright.mp@parliament.uk,House of Commons,London,SW1A 0AA
Rosie,Wrighting,Rosie Wrighting,"Wrighting, Rosie",Labour,Kettering,rosie.wrighting.mp@parliament.uk,House of Commons,London,SW1A 0AA
Martin,Wrigley,Martin Wrigley,"Wrigley, Martin",Liberal Democrat,Newton Abbot,martin.wrigley.mp@parliament.uk,House of Commons,London,SW1A 0AA
Yuan,Yang,Yuan Yang,"Yang, Yuan",Labour,Earley and Woodley,yuan.yang.mp@parliament.uk,House of Commons,London,SW1A 0AA
Mohammad,Yasin,Mohammad Yasin,"Yasin, Mohammad",Labour,Bedford,mohammad.yasin.mp@parliament.uk,House of Commons,London,SW1A 0AA
Steve,Yemm,Steve Yemm,"Yemm, Steve",Labour,Mansfield,steve.yemm.mp@parliament.uk,House of Commons,London,SW1A 0AA
Claire,Young,Claire Young,"Young, Claire",Liberal Democrat,Thornbury and Yate,claire.young.mp@parliament.uk,House of Commons,London,SW1A 0AA
Daniel,Zeichner,Daniel Zeichner,"Zeichner, Daniel",Labour,Cambridge,,House of Commons,London,SW1A 0AA